timestamp_utc,bid,ask,spread_usd_oz,spread_pips,market_open
2026-07-12 21:58:46,4119.68,4120.08,0.400,40.0,0
2026-07-12 21:58:51,4119.68,4120.08,0.400,40.0,0
2026-07-12 21:58:56,4119.68,4120.08,0.400,40.0,0
2026-07-12 21:59:01,4119.68,4120.08,0.400,40.0,0
2026-07-12 21:59:06,4119.68,4120.08,0.400,40.0,0
2026-07-12 21:59:11,4119.68,4120.08,0.400,40.0,0
2026-07-12 21:59:16,4119.68,4120.08,0.400,40.0,0
2026-07-12 21:59:21,4119.68,4120.08,0.400,40.0,0
2026-07-12 21:59:26,4119.68,4120.08,0.400,40.0,0
2026-07-12 21:59:31,4119.68,4120.08,0.400,40.0,0
2026-07-12 21:59:36,4119.68,4120.08,0.400,40.0,0
2026-07-12 21:59:41,4119.68,4120.08,0.400,40.0,0
2026-07-12 21:59:46,4119.68,4120.08,0.400,40.0,0
2026-07-12 21:59:51,4119.68,4120.08,0.400,40.0,0
2026-07-12 21:59:56,4119.68,4120.08,0.400,40.0,0
2026-07-12 22:00:01,4119.68,4120.08,0.400,40.0,0
2026-07-12 22:00:06,4119.68,4120.08,0.400,40.0,0
2026-07-12 22:00:11,4119.68,4120.08,0.400,40.0,0
2026-07-12 22:00:16,4119.68,4120.08,0.400,40.0,0
2026-07-12 22:00:21,4119.68,4120.08,0.400,40.0,0
2026-07-12 22:00:26,4119.68,4120.08,0.400,40.0,0
2026-07-12 22:00:31,4119.68,4120.08,0.400,40.0,0
2026-07-12 22:00:36,4119.68,4120.08,0.400,40.0,0
2026-07-12 22:00:41,4119.68,4120.08,0.400,40.0,0
2026-07-12 22:00:46,4119.68,4120.08,0.400,40.0,0
2026-07-12 22:00:51,4119.68,4120.08,0.400,40.0,0
2026-07-12 22:00:56,4119.68,4120.08,0.400,40.0,0
2026-07-12 22:01:01,4119.68,4120.08,0.400,40.0,0
2026-07-12 22:01:06,4119.68,4120.08,0.400,40.0,0
2026-07-12 22:01:11,4119.68,4120.08,0.400,40.0,0
2026-07-12 22:01:16,4119.68,4120.08,0.400,40.0,0
2026-07-12 22:01:21,4119.68,4120.08,0.400,40.0,0
2026-07-12 22:01:26,4119.68,4120.08,0.400,40.0,0
2026-07-12 22:01:31,4119.68,4120.08,0.400,40.0,0
2026-07-12 22:01:36,4119.68,4120.08,0.400,40.0,0
2026-07-12 22:01:41,4119.68,4120.08,0.400,40.0,0
2026-07-12 22:01:46,4119.68,4120.08,0.400,40.0,0
2026-07-12 22:01:51,4119.68,4120.08,0.400,40.0,0
2026-07-12 22:01:56,4119.68,4120.08,0.400,40.0,0
2026-07-12 22:02:01,4096.46,4096.58,0.120,12.0,1
2026-07-12 22:02:06,4095.77,4095.88,0.110,11.0,1
2026-07-12 22:02:11,4096.68,4096.80,0.120,12.0,1
2026-07-12 22:02:16,4096.33,4096.43,0.100,10.0,1
2026-07-12 22:02:21,4095.88,4095.98,0.100,10.0,1
2026-07-12 22:02:26,4096.81,4096.91,0.100,10.0,1
2026-07-12 22:02:31,4096.00,4096.10,0.100,10.0,1
2026-07-12 22:02:36,4094.20,4094.30,0.100,10.0,1
2026-07-12 22:02:41,4093.94,4094.04,0.100,10.0,1
2026-07-12 22:02:46,4095.35,4095.47,0.120,12.0,1
2026-07-12 22:02:51,4095.59,4095.69,0.100,10.0,1
2026-07-12 22:02:56,4095.67,4095.77,0.100,10.0,1
2026-07-12 22:03:01,4094.19,4094.29,0.100,10.0,1
2026-07-12 22:03:06,4094.04,4094.14,0.100,10.0,1
2026-07-12 22:03:11,4094.47,4094.57,0.100,10.0,1
2026-07-12 22:03:16,4090.63,4090.75,0.120,12.0,1
2026-07-12 22:03:21,4091.90,4092.01,0.110,11.0,1
2026-07-12 22:03:26,4090.76,4090.87,0.110,11.0,1
2026-07-12 22:03:31,4091.07,4091.17,0.100,10.0,1
2026-07-12 22:03:36,4090.77,4090.89,0.120,12.0,1
2026-07-12 22:03:41,4090.56,4090.67,0.110,11.0,1
2026-07-12 22:03:46,4090.61,4090.72,0.110,11.0,1
2026-07-12 22:03:51,4090.66,4090.78,0.120,12.0,1
2026-07-12 22:03:56,4090.79,4090.90,0.110,11.0,1
2026-07-12 22:04:01,4090.16,4090.27,0.110,11.0,1
2026-07-12 22:04:06,4089.91,4090.01,0.100,10.0,1
2026-07-12 22:04:11,4088.06,4088.16,0.100,10.0,1
2026-07-12 22:04:16,4087.57,4087.67,0.100,10.0,1
2026-07-12 22:04:21,4087.90,4088.00,0.100,10.0,1
2026-07-12 22:04:26,4086.61,4086.71,0.100,10.0,1
2026-07-12 22:04:31,4087.67,4087.79,0.120,12.0,1
2026-07-12 22:04:36,4088.22,4088.32,0.100,10.0,1
2026-07-12 22:04:41,4088.54,4088.64,0.100,10.0,1
2026-07-12 22:04:46,4089.20,4089.31,0.110,11.0,1
2026-07-12 22:04:51,4090.77,4090.88,0.110,11.0,1
2026-07-12 22:04:56,4090.71,4090.82,0.110,11.0,1
2026-07-12 22:05:01,4093.45,4093.57,0.120,12.0,1
2026-07-12 22:05:06,4092.54,4092.65,0.110,11.0,1
2026-07-12 22:05:11,4092.86,4092.98,0.120,12.0,1
2026-07-12 22:05:16,4092.00,4092.10,0.100,10.0,1
2026-07-12 22:05:21,4090.54,4090.64,0.100,10.0,1
2026-07-12 22:05:26,4089.76,4089.86,0.100,10.0,1
2026-07-12 22:05:31,4090.01,4090.11,0.100,10.0,1
2026-07-12 22:05:36,4087.25,4087.37,0.120,12.0,1
2026-07-12 22:05:41,4085.40,4085.52,0.120,12.0,1
2026-07-12 22:05:46,4085.72,4085.83,0.110,11.0,1
2026-07-12 22:05:51,4086.60,4086.70,0.100,10.0,1
2026-07-12 22:05:56,4085.92,4086.04,0.120,12.0,1
2026-07-12 22:06:01,4086.20,4086.31,0.110,11.0,1
2026-07-12 22:06:06,4087.70,4087.80,0.100,10.0,1
2026-07-12 22:06:11,4088.56,4088.68,0.120,12.0,1
2026-07-12 22:06:16,4088.70,4088.82,0.120,12.0,1
2026-07-12 22:06:21,4088.17,4088.29,0.120,12.0,1
2026-07-12 22:06:26,4088.45,4088.56,0.110,11.0,1
2026-07-12 22:06:31,4087.85,4087.94,0.090,9.0,1
2026-07-12 22:06:36,4088.26,4088.34,0.080,8.0,1
2026-07-12 22:06:41,4088.67,4088.73,0.060,6.0,1
2026-07-12 22:06:46,4088.59,4088.66,0.070,7.0,1
2026-07-12 22:06:51,4088.78,4088.84,0.060,6.0,1
2026-07-12 22:06:56,4088.85,4088.90,0.050,5.0,1
2026-07-12 22:07:01,4088.84,4088.89,0.050,5.0,1
2026-07-12 22:07:06,4088.75,4088.85,0.100,10.0,1
2026-07-12 22:07:11,4088.92,4089.03,0.110,11.0,1
2026-07-12 22:07:16,4088.95,4089.03,0.080,8.0,1
2026-07-12 22:07:21,4089.90,4089.97,0.070,7.0,1
2026-07-12 22:07:26,4090.88,4090.99,0.110,11.0,1
2026-07-12 22:07:31,4089.46,4089.57,0.110,11.0,1
2026-07-12 22:07:36,4088.72,4088.84,0.120,12.0,1
2026-07-12 22:07:41,4088.96,4089.08,0.120,12.0,1
2026-07-12 22:07:46,4090.52,4090.63,0.110,11.0,1
2026-07-12 22:07:51,4090.69,4090.78,0.090,9.0,1
2026-07-12 22:07:56,4089.42,4089.49,0.070,7.0,1
2026-07-12 22:08:01,4088.44,4088.55,0.110,11.0,1
2026-07-12 22:08:06,4088.26,4088.37,0.110,11.0,1
2026-07-12 22:08:11,4086.88,4086.97,0.090,9.0,1
2026-07-12 22:08:16,4088.61,4088.73,0.120,12.0,1
2026-07-12 22:08:21,4088.76,4088.87,0.110,11.0,1
2026-07-12 22:08:26,4087.74,4087.86,0.120,12.0,1
2026-07-12 22:08:31,4088.18,4088.30,0.120,12.0,1
2026-07-12 22:08:36,4089.75,4089.87,0.120,12.0,1
2026-07-12 22:08:41,4089.70,4089.82,0.120,12.0,1
2026-07-12 22:08:46,4089.78,4089.86,0.080,8.0,1
2026-07-12 22:08:51,4091.00,4091.09,0.090,9.0,1
2026-07-12 22:08:56,4090.13,4090.25,0.120,12.0,1
2026-07-12 22:09:01,4090.40,4090.47,0.070,7.0,1
2026-07-12 22:09:06,4090.33,4090.38,0.050,5.0,1
2026-07-12 22:09:11,4090.44,4090.49,0.050,5.0,1
2026-07-12 22:09:16,4090.40,4090.45,0.050,5.0,1
2026-07-12 22:09:21,4090.44,4090.49,0.050,5.0,1
2026-07-12 22:09:26,4090.53,4090.58,0.050,5.0,1
2026-07-12 22:09:31,4090.68,4090.73,0.050,5.0,1
2026-07-12 22:09:36,4090.31,4090.36,0.050,5.0,1
2026-07-12 22:09:41,4090.39,4090.45,0.060,6.0,1
2026-07-12 22:09:46,4090.40,4090.48,0.080,8.0,1
2026-07-12 22:09:51,4090.54,4090.61,0.070,7.0,1
2026-07-12 22:09:56,4090.61,4090.67,0.060,6.0,1
2026-07-12 22:10:01,4089.05,4089.14,0.090,9.0,1
2026-07-12 22:10:06,4089.39,4089.51,0.120,12.0,1
2026-07-12 22:10:11,4089.15,4089.27,0.120,12.0,1
2026-07-12 22:10:16,4090.71,4090.83,0.120,12.0,1
2026-07-12 22:10:21,4091.82,4091.93,0.110,11.0,1
2026-07-12 22:10:26,4091.17,4091.27,0.100,10.0,1
2026-07-12 22:10:31,4092.13,4092.25,0.120,12.0,1
2026-07-12 22:10:36,4092.63,4092.75,0.120,12.0,1
2026-07-12 22:10:41,4092.74,4092.86,0.120,12.0,1
2026-07-12 22:10:46,4093.06,4093.16,0.100,10.0,1
2026-07-12 22:10:51,4092.91,4092.99,0.080,8.0,1
2026-07-12 22:10:56,4091.88,4091.99,0.110,11.0,1
2026-07-12 22:11:01,4091.15,4091.27,0.120,12.0,1
2026-07-12 22:11:07,4090.53,4090.65,0.120,12.0,1
2026-07-12 22:11:11,4090.17,4090.28,0.110,11.0,1
2026-07-12 22:11:16,4086.80,4086.92,0.120,12.0,1
2026-07-12 22:11:21,4086.02,4086.14,0.120,12.0,1
2026-07-12 22:11:26,4085.66,4085.78,0.120,12.0,1
2026-07-12 22:11:31,4084.90,4085.00,0.100,10.0,1
2026-07-12 22:11:36,4085.26,4085.33,0.070,7.0,1
2026-07-12 22:11:41,4084.39,4084.44,0.050,5.0,1
2026-07-12 22:11:46,4085.51,4085.63,0.120,12.0,1
2026-07-12 22:11:51,4082.54,4082.66,0.120,12.0,1
2026-07-12 22:11:56,4084.51,4084.63,0.120,12.0,1
2026-07-12 22:12:01,4085.79,4085.90,0.110,11.0,1
2026-07-12 22:12:06,4087.54,4087.66,0.120,12.0,1
2026-07-12 22:12:11,4085.02,4085.14,0.120,12.0,1
2026-07-12 22:12:16,4085.24,4085.36,0.120,12.0,1
2026-07-12 22:12:21,4084.82,4084.93,0.110,11.0,1
2026-07-12 22:12:26,4084.28,4084.33,0.050,5.0,1
2026-07-12 22:12:31,4084.43,4084.48,0.050,5.0,1
2026-07-12 22:12:36,4083.34,4083.46,0.120,12.0,1
2026-07-12 22:12:41,4083.10,4083.22,0.120,12.0,1
2026-07-12 22:12:46,4082.79,4082.91,0.120,12.0,1
2026-07-12 22:12:51,4081.63,4081.75,0.120,12.0,1
2026-07-12 22:12:56,4081.13,4081.21,0.080,8.0,1
2026-07-12 22:13:01,4081.50,4081.61,0.110,11.0,1
2026-07-12 22:13:06,4082.12,4082.23,0.110,11.0,1
2026-07-12 22:13:11,4081.79,4081.88,0.090,9.0,1
2026-07-12 22:13:16,4081.56,4081.61,0.050,5.0,1
2026-07-12 22:13:21,4081.18,4081.23,0.050,5.0,1
2026-07-12 22:13:26,4081.95,4082.00,0.050,5.0,1
2026-07-12 22:13:31,4083.09,4083.21,0.120,12.0,1
2026-07-12 22:13:36,4084.36,4084.48,0.120,12.0,1
2026-07-12 22:13:41,4084.30,4084.35,0.050,5.0,1
2026-07-12 22:13:46,4083.70,4083.75,0.050,5.0,1
2026-07-12 22:13:51,4084.97,4085.02,0.050,5.0,1
2026-07-12 22:13:56,4083.55,4083.67,0.120,12.0,1
2026-07-12 22:14:01,4083.79,4083.86,0.070,7.0,1
2026-07-12 22:14:06,4083.38,4083.43,0.050,5.0,1
2026-07-12 22:14:11,4083.11,4083.16,0.050,5.0,1
2026-07-12 22:14:16,4082.53,4082.58,0.050,5.0,1
2026-07-12 22:14:21,4082.57,4082.62,0.050,5.0,1
2026-07-12 22:14:26,4082.41,4082.53,0.120,12.0,1
2026-07-12 22:14:31,4081.43,4081.52,0.090,9.0,1
2026-07-12 22:14:36,4082.12,4082.18,0.060,6.0,1
2026-07-12 22:14:41,4082.21,4082.29,0.080,8.0,1
2026-07-12 22:14:46,4081.58,4081.69,0.110,11.0,1
2026-07-12 22:14:51,4082.13,4082.25,0.120,12.0,1
2026-07-12 22:14:56,4081.61,4081.72,0.110,11.0,1
2026-07-12 22:15:01,4081.79,4081.91,0.120,12.0,1
2026-07-12 22:15:06,4081.75,4081.83,0.080,8.0,1
2026-07-12 22:15:11,4082.97,4083.09,0.120,12.0,1
2026-07-12 22:15:16,4082.99,4083.11,0.120,12.0,1
2026-07-12 22:15:21,4083.09,4083.16,0.070,7.0,1
2026-07-12 22:15:26,4083.13,4083.25,0.120,12.0,1
2026-07-12 22:15:31,4083.99,4084.11,0.120,12.0,1
2026-07-12 22:15:36,4083.56,4083.68,0.120,12.0,1
2026-07-12 22:15:41,4084.93,4085.05,0.120,12.0,1
2026-07-12 22:15:46,4084.62,4084.74,0.120,12.0,1
2026-07-12 22:15:51,4085.47,4085.59,0.120,12.0,1
2026-07-12 22:15:56,4086.14,4086.19,0.050,5.0,1
2026-07-12 22:16:01,4085.11,4085.18,0.070,7.0,1
2026-07-12 22:16:06,4084.99,4085.04,0.050,5.0,1
2026-07-12 22:16:11,4084.88,4085.00,0.120,12.0,1
2026-07-12 22:16:16,4085.64,4085.76,0.120,12.0,1
2026-07-12 22:16:21,4086.11,4086.18,0.070,7.0,1
2026-07-12 22:16:26,4085.93,4086.03,0.100,10.0,1
2026-07-12 22:16:31,4086.16,4086.22,0.060,6.0,1
2026-07-12 22:16:36,4086.71,4086.79,0.080,8.0,1
2026-07-12 22:16:41,4086.63,4086.71,0.080,8.0,1
2026-07-12 22:16:46,4086.92,4086.99,0.070,7.0,1
2026-07-12 22:16:51,4086.75,4086.81,0.060,6.0,1
2026-07-12 22:16:56,4086.69,4086.74,0.050,5.0,1
2026-07-12 22:17:01,4086.42,4086.47,0.050,5.0,1
2026-07-12 22:17:06,4086.74,4086.79,0.050,5.0,1
2026-07-12 22:17:11,4086.51,4086.56,0.050,5.0,1
2026-07-12 22:17:16,4086.54,4086.62,0.080,8.0,1
2026-07-12 22:17:21,4086.33,4086.40,0.070,7.0,1
2026-07-12 22:17:26,4086.80,4086.90,0.100,10.0,1
2026-07-12 22:17:31,4086.79,4086.88,0.090,9.0,1
2026-07-12 22:17:36,4086.79,4086.87,0.080,8.0,1
2026-07-12 22:17:41,4086.72,4086.80,0.080,8.0,1
2026-07-12 22:17:46,4086.94,4087.01,0.070,7.0,1
2026-07-12 22:17:51,4086.23,4086.31,0.080,8.0,1
2026-07-12 22:17:56,4085.96,4086.06,0.100,10.0,1
2026-07-12 22:18:01,4085.59,4085.69,0.100,10.0,1
2026-07-12 22:18:06,4084.80,4084.91,0.110,11.0,1
2026-07-12 22:18:11,4085.37,4085.48,0.110,11.0,1
2026-07-12 22:18:16,4085.42,4085.54,0.120,12.0,1
2026-07-12 22:18:21,4085.44,4085.56,0.120,12.0,1
2026-07-12 22:18:26,4085.54,4085.65,0.110,11.0,1
2026-07-12 22:18:31,4085.55,4085.64,0.090,9.0,1
2026-07-12 22:18:36,4085.03,4085.11,0.080,8.0,1
2026-07-12 22:18:41,4085.64,4085.73,0.090,9.0,1
2026-07-12 22:18:46,4085.77,4085.89,0.120,12.0,1
2026-07-12 22:18:51,4086.55,4086.67,0.120,12.0,1
2026-07-12 22:18:56,4086.49,4086.60,0.110,11.0,1
2026-07-12 22:19:01,4086.48,4086.58,0.100,10.0,1
2026-07-12 22:19:06,4086.47,4086.54,0.070,7.0,1
2026-07-12 22:19:11,4086.44,4086.49,0.050,5.0,1
2026-07-12 22:19:16,4087.67,4087.79,0.120,12.0,1
2026-07-12 22:19:21,4086.73,4086.85,0.120,12.0,1
2026-07-12 22:19:26,4086.71,4086.82,0.110,11.0,1
2026-07-12 22:19:31,4086.67,4086.74,0.070,7.0,1
2026-07-12 22:19:36,4085.99,4086.08,0.090,9.0,1
2026-07-12 22:19:41,4086.36,4086.44,0.080,8.0,1
2026-07-12 22:19:46,4086.03,4086.08,0.050,5.0,1
2026-07-12 22:19:51,4085.99,4086.04,0.050,5.0,1
2026-07-12 22:19:56,4085.97,4086.02,0.050,5.0,1
2026-07-12 22:20:01,4085.86,4085.93,0.070,7.0,1
2026-07-12 22:20:06,4084.89,4085.00,0.110,11.0,1
2026-07-12 22:20:11,4084.78,4084.90,0.120,12.0,1
2026-07-12 22:20:16,4084.78,4084.89,0.110,11.0,1
2026-07-12 22:20:21,4085.12,4085.22,0.100,10.0,1
2026-07-12 22:20:26,4085.95,4086.00,0.050,5.0,1
2026-07-12 22:20:31,4086.31,4086.43,0.120,12.0,1
2026-07-12 22:20:36,4086.57,4086.69,0.120,12.0,1
2026-07-12 22:20:41,4087.20,4087.32,0.120,12.0,1
2026-07-12 22:20:46,4087.49,4087.56,0.070,7.0,1
2026-07-12 22:20:51,4087.42,4087.47,0.050,5.0,1
2026-07-12 22:20:56,4087.27,4087.32,0.050,5.0,1
2026-07-12 22:21:01,4087.27,4087.32,0.050,5.0,1
2026-07-12 22:21:06,4087.31,4087.36,0.050,5.0,1
2026-07-12 22:21:11,4087.48,4087.53,0.050,5.0,1
2026-07-12 22:21:16,4087.17,4087.27,0.100,10.0,1
2026-07-12 22:21:21,4086.79,4086.84,0.050,5.0,1
2026-07-12 22:21:26,4086.78,4086.84,0.060,6.0,1
2026-07-12 22:21:31,4086.44,4086.49,0.050,5.0,1
2026-07-12 22:21:36,4086.42,4086.51,0.090,9.0,1
2026-07-12 22:21:41,4086.49,4086.57,0.080,8.0,1
2026-07-12 22:21:46,4086.34,4086.43,0.090,9.0,1
2026-07-12 22:21:51,4086.32,4086.40,0.080,8.0,1
2026-07-12 22:21:56,4086.40,4086.46,0.060,6.0,1
2026-07-12 22:22:01,4086.25,4086.32,0.070,7.0,1
2026-07-12 22:22:06,4084.96,4085.08,0.120,12.0,1
2026-07-12 22:22:11,4085.54,4085.66,0.120,12.0,1
2026-07-12 22:22:16,4085.24,4085.36,0.120,12.0,1
2026-07-12 22:22:21,4085.28,4085.39,0.110,11.0,1
2026-07-12 22:22:26,4085.45,4085.52,0.070,7.0,1
2026-07-12 22:22:31,4085.56,4085.61,0.050,5.0,1
2026-07-12 22:22:36,4085.35,4085.40,0.050,5.0,1
2026-07-12 22:22:41,4085.34,4085.39,0.050,5.0,1
2026-07-12 22:22:46,4084.70,4084.81,0.110,11.0,1
2026-07-12 22:22:51,4084.25,4084.35,0.100,10.0,1
2026-07-12 22:22:56,4084.45,4084.55,0.100,10.0,1
2026-07-12 22:23:01,4084.42,4084.49,0.070,7.0,1
2026-07-12 22:23:06,4084.04,4084.16,0.120,12.0,1
2026-07-12 22:23:11,4084.07,4084.16,0.090,9.0,1
2026-07-12 22:23:16,4083.42,4083.54,0.120,12.0,1
2026-07-12 22:23:21,4083.19,4083.31,0.120,12.0,1
2026-07-12 22:23:26,4083.26,4083.31,0.050,5.0,1
2026-07-12 22:23:31,4082.97,4083.05,0.080,8.0,1
2026-07-12 22:23:36,4083.19,4083.24,0.050,5.0,1
2026-07-12 22:23:41,4083.73,4083.85,0.120,12.0,1
2026-07-12 22:23:46,4083.76,4083.88,0.120,12.0,1
2026-07-12 22:23:51,4083.42,4083.54,0.120,12.0,1
2026-07-12 22:23:56,4083.61,4083.70,0.090,9.0,1
2026-07-12 22:24:01,4083.43,4083.48,0.050,5.0,1
2026-07-12 22:24:06,4083.37,4083.42,0.050,5.0,1
2026-07-12 22:24:11,4083.46,4083.51,0.050,5.0,1
2026-07-12 22:24:16,4083.46,4083.51,0.050,5.0,1
2026-07-12 22:24:21,4083.52,4083.64,0.120,12.0,1
2026-07-12 22:24:26,4083.43,4083.53,0.100,10.0,1
2026-07-12 22:24:31,4084.04,4084.16,0.120,12.0,1
2026-07-12 22:24:36,4083.94,4084.04,0.100,10.0,1
2026-07-12 22:24:41,4083.71,4083.83,0.120,12.0,1
2026-07-12 22:24:46,4082.07,4082.19,0.120,12.0,1
2026-07-12 22:24:51,4082.27,4082.39,0.120,12.0,1
2026-07-12 22:24:56,4082.38,4082.50,0.120,12.0,1
2026-07-12 22:25:01,4082.54,4082.62,0.080,8.0,1
2026-07-12 22:25:06,4082.48,4082.56,0.080,8.0,1
2026-07-12 22:25:11,4082.52,4082.64,0.120,12.0,1
2026-07-12 22:25:16,4082.49,4082.58,0.090,9.0,1
2026-07-12 22:25:21,4082.06,4082.16,0.100,10.0,1
2026-07-12 22:25:26,4082.56,4082.66,0.100,10.0,1
2026-07-12 22:25:31,4081.16,4081.28,0.120,12.0,1
2026-07-12 22:25:36,4081.13,4081.25,0.120,12.0,1
2026-07-12 22:25:41,4081.32,4081.42,0.100,10.0,1
2026-07-12 22:25:46,4081.38,4081.47,0.090,9.0,1
2026-07-12 22:25:51,4080.62,4080.74,0.120,12.0,1
2026-07-12 22:25:56,4080.38,4080.50,0.120,12.0,1
2026-07-12 22:26:01,4082.02,4082.14,0.120,12.0,1
2026-07-12 22:26:06,4082.23,4082.35,0.120,12.0,1
2026-07-12 22:26:11,4083.32,4083.40,0.080,8.0,1
2026-07-12 22:26:16,4083.31,4083.43,0.120,12.0,1
2026-07-12 22:26:21,4083.19,4083.29,0.100,10.0,1
2026-07-12 22:26:26,4082.47,4082.52,0.050,5.0,1
2026-07-12 22:26:31,4082.75,4082.86,0.110,11.0,1
2026-07-12 22:26:36,4082.94,4083.00,0.060,6.0,1
2026-07-12 22:26:41,4082.67,4082.79,0.120,12.0,1
2026-07-12 22:26:46,4082.31,4082.41,0.100,10.0,1
2026-07-12 22:26:51,4083.52,4083.59,0.070,7.0,1
2026-07-12 22:26:56,4083.55,4083.67,0.120,12.0,1
2026-07-12 22:27:01,4083.39,4083.50,0.110,11.0,1
2026-07-12 22:27:06,4083.13,4083.21,0.080,8.0,1
2026-07-12 22:27:11,4083.06,4083.14,0.080,8.0,1
2026-07-12 22:27:16,4083.04,4083.09,0.050,5.0,1
2026-07-12 22:27:21,4082.95,4083.00,0.050,5.0,1
2026-07-12 22:27:26,4083.49,4083.56,0.070,7.0,1
2026-07-12 22:27:31,4083.70,4083.75,0.050,5.0,1
2026-07-12 22:27:36,4084.48,4084.60,0.120,12.0,1
2026-07-12 22:27:41,4085.09,4085.20,0.110,11.0,1
2026-07-12 22:27:46,4084.05,4084.17,0.120,12.0,1
2026-07-12 22:27:51,4084.21,4084.33,0.120,12.0,1
2026-07-12 22:27:56,4083.86,4083.91,0.050,5.0,1
2026-07-12 22:28:01,4084.41,4084.48,0.070,7.0,1
2026-07-12 22:28:06,4084.43,4084.48,0.050,5.0,1
2026-07-12 22:28:11,4084.98,4085.03,0.050,5.0,1
2026-07-12 22:28:16,4084.99,4085.11,0.120,12.0,1
2026-07-12 22:28:21,4084.93,4084.99,0.060,6.0,1
2026-07-12 22:28:26,4084.98,4085.05,0.070,7.0,1
2026-07-12 22:28:31,4085.11,4085.16,0.050,5.0,1
2026-07-12 22:28:36,4085.10,4085.17,0.070,7.0,1
2026-07-12 22:28:41,4085.16,4085.22,0.060,6.0,1
2026-07-12 22:28:46,4085.18,4085.23,0.050,5.0,1
2026-07-12 22:28:51,4085.17,4085.22,0.050,5.0,1
2026-07-12 22:28:56,4085.44,4085.54,0.100,10.0,1
2026-07-12 22:29:01,4085.11,4085.22,0.110,11.0,1
2026-07-12 22:29:06,4084.72,4084.84,0.120,12.0,1
2026-07-12 22:29:11,4084.75,4084.87,0.120,12.0,1
2026-07-12 22:29:16,4085.01,4085.09,0.080,8.0,1
2026-07-12 22:29:21,4084.72,4084.79,0.070,7.0,1
2026-07-12 22:29:26,4084.61,4084.71,0.100,10.0,1
2026-07-12 22:29:31,4084.67,4084.74,0.070,7.0,1
2026-07-12 22:29:36,4084.19,4084.31,0.120,12.0,1
2026-07-12 22:29:41,4084.51,4084.60,0.090,9.0,1
2026-07-12 22:29:46,4084.38,4084.44,0.060,6.0,1
2026-07-12 22:29:51,4084.54,4084.63,0.090,9.0,1
2026-07-12 22:29:56,4084.52,4084.63,0.110,11.0,1
2026-07-12 22:30:01,4083.98,4084.10,0.120,12.0,1
2026-07-12 22:30:06,4083.89,4083.99,0.100,10.0,1
2026-07-12 22:30:11,4085.89,4086.01,0.120,12.0,1
2026-07-12 22:30:16,4085.85,4085.97,0.120,12.0,1
2026-07-12 22:30:21,4085.70,4085.79,0.090,9.0,1
2026-07-12 22:30:26,4085.84,4085.96,0.120,12.0,1
2026-07-12 22:30:31,4086.34,4086.46,0.120,12.0,1
2026-07-12 22:30:36,4086.34,4086.43,0.090,9.0,1
2026-07-12 22:30:41,4085.40,4085.52,0.120,12.0,1
2026-07-12 22:30:46,4085.95,4086.07,0.120,12.0,1
2026-07-12 22:30:51,4086.10,4086.22,0.120,12.0,1
2026-07-12 22:30:56,4085.60,4085.72,0.120,12.0,1
2026-07-12 22:31:01,4085.68,4085.80,0.120,12.0,1
2026-07-12 22:31:06,4085.52,4085.59,0.070,7.0,1
2026-07-12 22:31:11,4085.19,4085.24,0.050,5.0,1
2026-07-12 22:31:16,4084.50,4084.62,0.120,12.0,1
2026-07-12 22:31:21,4084.65,4084.75,0.100,10.0,1
2026-07-12 22:31:26,4084.36,4084.41,0.050,5.0,1
2026-07-12 22:31:31,4084.28,4084.34,0.060,6.0,1
2026-07-12 22:31:36,4083.84,4083.89,0.050,5.0,1
2026-07-12 22:31:41,4083.64,4083.73,0.090,9.0,1
2026-07-12 22:31:46,4083.73,4083.78,0.050,5.0,1
2026-07-12 22:31:51,4083.61,4083.66,0.050,5.0,1
2026-07-12 22:31:56,4083.05,4083.13,0.080,8.0,1
2026-07-12 22:32:01,4083.43,4083.49,0.060,6.0,1
2026-07-12 22:32:06,4083.38,4083.43,0.050,5.0,1
2026-07-12 22:32:11,4082.99,4083.07,0.080,8.0,1
2026-07-12 22:32:16,4082.86,4082.98,0.120,12.0,1
2026-07-12 22:32:21,4082.88,4082.93,0.050,5.0,1
2026-07-12 22:32:26,4083.89,4084.01,0.120,12.0,1
2026-07-12 22:32:31,4083.86,4083.95,0.090,9.0,1
2026-07-12 22:32:36,4083.76,4083.82,0.060,6.0,1
2026-07-12 22:32:41,4083.72,4083.78,0.060,6.0,1
2026-07-12 22:32:46,4083.81,4083.86,0.050,5.0,1
2026-07-12 22:32:51,4083.86,4083.91,0.050,5.0,1
2026-07-12 22:32:56,4083.91,4083.96,0.050,5.0,1
2026-07-12 22:33:01,4083.98,4084.03,0.050,5.0,1
2026-07-12 22:33:06,4084.64,4084.76,0.120,12.0,1
2026-07-12 22:33:11,4084.25,4084.37,0.120,12.0,1
2026-07-12 22:33:16,4084.30,4084.39,0.090,9.0,1
2026-07-12 22:33:21,4084.34,4084.45,0.110,11.0,1
2026-07-12 22:33:26,4084.09,4084.18,0.090,9.0,1
2026-07-12 22:33:31,4084.50,4084.62,0.120,12.0,1
2026-07-12 22:33:36,4084.55,4084.65,0.100,10.0,1
2026-07-12 22:33:41,4084.59,4084.65,0.060,6.0,1
2026-07-12 22:33:46,4084.60,4084.65,0.050,5.0,1
2026-07-12 22:33:51,4084.25,4084.30,0.050,5.0,1
2026-07-12 22:33:56,4084.09,4084.21,0.120,12.0,1
2026-07-12 22:34:01,4083.40,4083.52,0.120,12.0,1
2026-07-12 22:34:06,4083.20,4083.32,0.120,12.0,1
2026-07-12 22:34:11,4083.15,4083.25,0.100,10.0,1
2026-07-12 22:34:16,4083.02,4083.10,0.080,8.0,1
2026-07-12 22:34:21,4082.96,4083.01,0.050,5.0,1
2026-07-12 22:34:26,4082.98,4083.03,0.050,5.0,1
2026-07-12 22:34:31,4082.98,4083.03,0.050,5.0,1
2026-07-12 22:34:36,4083.03,4083.08,0.050,5.0,1
2026-07-12 22:34:41,4083.06,4083.11,0.050,5.0,1
2026-07-12 22:34:46,4083.06,4083.11,0.050,5.0,1
2026-07-12 22:34:51,4083.03,4083.08,0.050,5.0,1
2026-07-12 22:34:56,4082.93,4082.98,0.050,5.0,1
2026-07-12 22:35:01,4083.81,4083.93,0.120,12.0,1
2026-07-12 22:35:06,4083.38,4083.50,0.120,12.0,1
2026-07-12 22:35:11,4083.90,4084.02,0.120,12.0,1
2026-07-12 22:35:16,4083.76,4083.87,0.110,11.0,1
2026-07-12 22:35:21,4083.69,4083.80,0.110,11.0,1
2026-07-12 22:35:26,4083.92,4084.01,0.090,9.0,1
2026-07-12 22:35:31,4083.95,4084.00,0.050,5.0,1
2026-07-12 22:35:36,4084.29,4084.38,0.090,9.0,1
2026-07-12 22:35:41,4084.39,4084.50,0.110,11.0,1
2026-07-12 22:35:46,4084.20,4084.32,0.120,12.0,1
2026-07-12 22:35:51,4084.42,4084.48,0.060,6.0,1
2026-07-12 22:35:56,4084.35,4084.47,0.120,12.0,1
2026-07-12 22:36:01,4084.26,4084.33,0.070,7.0,1
2026-07-12 22:36:06,4083.80,4083.92,0.120,12.0,1
2026-07-12 22:36:11,4084.19,4084.31,0.120,12.0,1
2026-07-12 22:36:16,4084.15,4084.25,0.100,10.0,1
2026-07-12 22:36:21,4084.22,4084.27,0.050,5.0,1
2026-07-12 22:36:26,4083.93,4083.98,0.050,5.0,1
2026-07-12 22:36:31,4083.86,4083.91,0.050,5.0,1
2026-07-12 22:36:36,4083.80,4083.85,0.050,5.0,1
2026-07-12 22:36:41,4083.90,4083.95,0.050,5.0,1
2026-07-12 22:36:46,4083.94,4083.99,0.050,5.0,1
2026-07-12 22:36:51,4083.88,4083.93,0.050,5.0,1
2026-07-12 22:36:56,4084.00,4084.05,0.050,5.0,1
2026-07-12 22:37:01,4084.25,4084.37,0.120,12.0,1
2026-07-12 22:37:06,4083.26,4083.38,0.120,12.0,1
2026-07-12 22:37:11,4083.20,4083.32,0.120,12.0,1
2026-07-12 22:37:16,4083.17,4083.29,0.120,12.0,1
2026-07-12 22:37:21,4082.47,4082.57,0.100,10.0,1
2026-07-12 22:37:26,4082.61,4082.72,0.110,11.0,1
2026-07-12 22:37:31,4082.14,4082.24,0.100,10.0,1
2026-07-12 22:37:36,4081.59,4081.69,0.100,10.0,1
2026-07-12 22:37:41,4081.70,4081.80,0.100,10.0,1
2026-07-12 22:37:46,4082.01,4082.08,0.070,7.0,1
2026-07-12 22:37:51,4081.86,4081.91,0.050,5.0,1
2026-07-12 22:37:56,4081.86,4081.91,0.050,5.0,1
2026-07-12 22:38:01,4081.90,4081.95,0.050,5.0,1
2026-07-12 22:38:06,4081.83,4081.88,0.050,5.0,1
2026-07-12 22:38:11,4081.96,4082.01,0.050,5.0,1
2026-07-12 22:38:16,4081.73,4081.85,0.120,12.0,1
2026-07-12 22:38:21,4081.82,4081.94,0.120,12.0,1
2026-07-12 22:38:26,4080.87,4080.99,0.120,12.0,1
2026-07-12 22:38:31,4081.09,4081.21,0.120,12.0,1
2026-07-12 22:38:36,4081.59,4081.71,0.120,12.0,1
2026-07-12 22:38:41,4082.07,4082.16,0.090,9.0,1
2026-07-12 22:38:46,4082.06,4082.11,0.050,5.0,1
2026-07-12 22:38:51,4082.30,4082.35,0.050,5.0,1
2026-07-12 22:38:56,4082.37,4082.45,0.080,8.0,1
2026-07-12 22:39:01,4082.01,4082.13,0.120,12.0,1
2026-07-12 22:39:06,4081.93,4082.05,0.120,12.0,1
2026-07-12 22:39:11,4081.83,4081.88,0.050,5.0,1
2026-07-12 22:39:16,4081.65,4081.76,0.110,11.0,1
2026-07-12 22:39:21,4081.68,4081.73,0.050,5.0,1
2026-07-12 22:39:26,4082.08,4082.13,0.050,5.0,1
2026-07-12 22:39:31,4081.89,4081.98,0.090,9.0,1
2026-07-12 22:39:36,4082.02,4082.07,0.050,5.0,1
2026-07-12 22:39:41,4082.76,4082.88,0.120,12.0,1
2026-07-12 22:39:46,4082.58,4082.70,0.120,12.0,1
2026-07-12 22:39:51,4082.64,4082.76,0.120,12.0,1
2026-07-12 22:39:56,4082.27,4082.39,0.120,12.0,1
2026-07-12 22:40:01,4082.34,4082.40,0.060,6.0,1
2026-07-12 22:40:06,4081.95,4082.07,0.120,12.0,1
2026-07-12 22:40:11,4082.28,4082.40,0.120,12.0,1
2026-07-12 22:40:16,4080.81,4080.93,0.120,12.0,1
2026-07-12 22:40:21,4080.76,4080.88,0.120,12.0,1
2026-07-12 22:40:26,4081.00,4081.11,0.110,11.0,1
2026-07-12 22:40:31,4080.92,4081.01,0.090,9.0,1
2026-07-12 22:40:36,4078.89,4079.01,0.120,12.0,1
2026-07-12 22:40:41,4078.83,4078.95,0.120,12.0,1
2026-07-12 22:40:46,4078.87,4078.97,0.100,10.0,1
2026-07-12 22:40:51,4079.32,4079.40,0.080,8.0,1
2026-07-12 22:40:56,4078.91,4079.00,0.090,9.0,1
2026-07-12 22:41:01,4079.08,4079.14,0.060,6.0,1
2026-07-12 22:41:06,4078.55,4078.61,0.060,6.0,1
2026-07-12 22:41:11,4079.86,4079.98,0.120,12.0,1
2026-07-12 22:41:16,4078.49,4078.61,0.120,12.0,1
2026-07-12 22:41:21,4078.83,4078.95,0.120,12.0,1
2026-07-12 22:41:26,4078.84,4078.96,0.120,12.0,1
2026-07-12 22:41:31,4078.80,4078.88,0.080,8.0,1
2026-07-12 22:41:36,4078.73,4078.78,0.050,5.0,1
2026-07-12 22:41:41,4078.93,4078.98,0.050,5.0,1
2026-07-12 22:41:46,4078.69,4078.75,0.060,6.0,1
2026-07-12 22:41:51,4078.72,4078.77,0.050,5.0,1
2026-07-12 22:41:56,4078.84,4078.89,0.050,5.0,1
2026-07-12 22:42:01,4078.78,4078.83,0.050,5.0,1
2026-07-12 22:42:06,4079.10,4079.16,0.060,6.0,1
2026-07-12 22:42:11,4079.35,4079.40,0.050,5.0,1
2026-07-12 22:42:16,4079.38,4079.43,0.050,5.0,1
2026-07-12 22:42:21,4079.27,4079.32,0.050,5.0,1
2026-07-12 22:42:26,4079.35,4079.40,0.050,5.0,1
2026-07-12 22:42:31,4079.32,4079.37,0.050,5.0,1
2026-07-12 22:42:36,4079.37,4079.46,0.090,9.0,1
2026-07-12 22:42:41,4078.83,4078.95,0.120,12.0,1
2026-07-12 22:42:46,4078.73,4078.83,0.100,10.0,1
2026-07-12 22:42:51,4078.68,4078.77,0.090,9.0,1
2026-07-12 22:42:56,4078.68,4078.75,0.070,7.0,1
2026-07-12 22:43:01,4078.65,4078.73,0.080,8.0,1
2026-07-12 22:43:06,4078.67,4078.78,0.110,11.0,1
2026-07-12 22:43:11,4078.76,4078.85,0.090,9.0,1
2026-07-12 22:43:16,4078.75,4078.82,0.070,7.0,1
2026-07-12 22:43:21,4079.44,4079.56,0.120,12.0,1
2026-07-12 22:43:26,4079.02,4079.14,0.120,12.0,1
2026-07-12 22:43:31,4079.10,4079.20,0.100,10.0,1
2026-07-12 22:43:36,4078.87,4078.96,0.090,9.0,1
2026-07-12 22:43:41,4078.70,4078.78,0.080,8.0,1
2026-07-12 22:43:46,4078.81,4078.88,0.070,7.0,1
2026-07-12 22:43:51,4078.82,4078.89,0.070,7.0,1
2026-07-12 22:43:56,4078.83,4078.89,0.060,6.0,1
2026-07-12 22:44:01,4078.97,4079.08,0.110,11.0,1
2026-07-12 22:44:06,4078.80,4078.90,0.100,10.0,1
2026-07-12 22:44:11,4079.28,4079.36,0.080,8.0,1
2026-07-12 22:44:16,4079.30,4079.39,0.090,9.0,1
2026-07-12 22:44:21,4079.39,4079.47,0.080,8.0,1
2026-07-12 22:44:26,4079.41,4079.48,0.070,7.0,1
2026-07-12 22:44:31,4079.38,4079.45,0.070,7.0,1
2026-07-12 22:44:36,4079.44,4079.52,0.080,8.0,1
2026-07-12 22:44:41,4079.18,4079.30,0.120,12.0,1
2026-07-12 22:44:46,4079.58,4079.69,0.110,11.0,1
2026-07-12 22:44:51,4079.03,4079.15,0.120,12.0,1
2026-07-12 22:44:56,4078.66,4078.78,0.120,12.0,1
2026-07-12 22:45:01,4079.11,4079.23,0.120,12.0,1
2026-07-12 22:45:06,4079.13,4079.25,0.120,12.0,1
2026-07-12 22:45:11,4078.80,4078.92,0.120,12.0,1
2026-07-12 22:45:16,4078.29,4078.41,0.120,12.0,1
2026-07-12 22:45:21,4078.31,4078.39,0.080,8.0,1
2026-07-12 22:45:26,4078.25,4078.34,0.090,9.0,1
2026-07-12 22:45:31,4078.03,4078.12,0.090,9.0,1
2026-07-12 22:45:36,4077.88,4078.00,0.120,12.0,1
2026-07-12 22:45:41,4077.66,4077.78,0.120,12.0,1
2026-07-12 22:45:46,4077.78,4077.90,0.120,12.0,1
2026-07-12 22:45:51,4077.86,4077.96,0.100,10.0,1
2026-07-12 22:45:56,4077.81,4077.87,0.060,6.0,1
2026-07-12 22:46:01,4077.93,4078.03,0.100,10.0,1
2026-07-12 22:46:06,4077.65,4077.70,0.050,5.0,1
2026-07-12 22:46:11,4077.62,4077.68,0.060,6.0,1
2026-07-12 22:46:16,4077.51,4077.57,0.060,6.0,1
2026-07-12 22:46:21,4077.54,4077.59,0.050,5.0,1
2026-07-12 22:46:26,4077.56,4077.61,0.050,5.0,1
2026-07-12 22:46:31,4078.30,4078.35,0.050,5.0,1
2026-07-12 22:46:36,4078.18,4078.30,0.120,12.0,1
2026-07-12 22:46:41,4078.15,4078.25,0.100,10.0,1
2026-07-12 22:46:46,4078.35,4078.41,0.060,6.0,1
2026-07-12 22:46:51,4078.20,4078.25,0.050,5.0,1
2026-07-12 22:46:56,4078.45,4078.50,0.050,5.0,1
2026-07-12 22:47:01,4078.44,4078.51,0.070,7.0,1
2026-07-12 22:47:06,4078.78,4078.83,0.050,5.0,1
2026-07-12 22:47:11,4078.97,4079.02,0.050,5.0,1
2026-07-12 22:47:16,4078.58,4078.70,0.120,12.0,1
2026-07-12 22:47:21,4078.83,4078.92,0.090,9.0,1
2026-07-12 22:47:26,4078.69,4078.75,0.060,6.0,1
2026-07-12 22:47:31,4078.69,4078.77,0.080,8.0,1
2026-07-12 22:47:36,4078.77,4078.83,0.060,6.0,1
2026-07-12 22:47:41,4078.02,4078.14,0.120,12.0,1
2026-07-12 22:47:46,4077.51,4077.63,0.120,12.0,1
2026-07-12 22:47:51,4076.85,4076.96,0.110,11.0,1
2026-07-12 22:47:56,4077.00,4077.12,0.120,12.0,1
2026-07-12 22:48:01,4076.87,4076.99,0.120,12.0,1
2026-07-12 22:48:06,4076.83,4076.95,0.120,12.0,1
2026-07-12 22:48:11,4076.85,4076.92,0.070,7.0,1
2026-07-12 22:48:16,4076.63,4076.68,0.050,5.0,1
2026-07-12 22:48:21,4076.26,4076.38,0.120,12.0,1
2026-07-12 22:48:26,4076.35,4076.47,0.120,12.0,1
2026-07-12 22:48:31,4076.41,4076.50,0.090,9.0,1
2026-07-12 22:48:36,4076.39,4076.44,0.050,5.0,1
2026-07-12 22:48:41,4076.42,4076.47,0.050,5.0,1
2026-07-12 22:48:46,4071.94,4072.06,0.120,12.0,1
2026-07-12 22:48:51,4073.72,4073.84,0.120,12.0,1
2026-07-12 22:48:56,4073.95,4074.07,0.120,12.0,1
2026-07-12 22:49:01,4075.74,4075.86,0.120,12.0,1
2026-07-12 22:49:06,4075.50,4075.60,0.100,10.0,1
2026-07-12 22:49:11,4075.92,4076.01,0.090,9.0,1
2026-07-12 22:49:16,4076.25,4076.33,0.080,8.0,1
2026-07-12 22:49:21,4077.04,4077.14,0.100,10.0,1
2026-07-12 22:49:26,4078.13,4078.22,0.090,9.0,1
2026-07-12 22:49:31,4077.62,4077.71,0.090,9.0,1
2026-07-12 22:49:36,4076.79,4076.87,0.080,8.0,1
2026-07-12 22:49:41,4079.06,4079.18,0.120,12.0,1
2026-07-12 22:49:46,4079.23,4079.35,0.120,12.0,1
2026-07-12 22:49:51,4079.57,4079.67,0.100,10.0,1
2026-07-12 22:49:56,4078.45,4078.56,0.110,11.0,1
2026-07-12 22:50:01,4078.15,4078.24,0.090,9.0,1
2026-07-12 22:50:06,4078.18,4078.27,0.090,9.0,1
2026-07-12 22:50:11,4077.96,4078.03,0.070,7.0,1
2026-07-12 22:50:16,4078.16,4078.22,0.060,6.0,1
2026-07-12 22:50:21,4078.30,4078.42,0.120,12.0,1
2026-07-12 22:50:26,4078.74,4078.86,0.120,12.0,1
2026-07-12 22:50:31,4078.39,4078.51,0.120,12.0,1
2026-07-12 22:50:36,4078.74,4078.86,0.120,12.0,1
2026-07-12 22:50:41,4078.80,4078.87,0.070,7.0,1
2026-07-12 22:50:46,4078.95,4079.03,0.080,8.0,1
2026-07-12 22:50:51,4078.88,4078.95,0.070,7.0,1
2026-07-12 22:50:56,4078.40,4078.48,0.080,8.0,1
2026-07-12 22:51:01,4078.62,4078.71,0.090,9.0,1
2026-07-12 22:51:06,4078.56,4078.64,0.080,8.0,1
2026-07-12 22:51:11,4079.81,4079.89,0.080,8.0,1
2026-07-12 22:51:16,4078.71,4078.83,0.120,12.0,1
2026-07-12 22:51:21,4079.18,4079.29,0.110,11.0,1
2026-07-12 22:51:26,4079.33,4079.45,0.120,12.0,1
2026-07-12 22:51:31,4079.32,4079.40,0.080,8.0,1
2026-07-12 22:51:36,4079.59,4079.66,0.070,7.0,1
2026-07-12 22:51:41,4080.51,4080.60,0.090,9.0,1
2026-07-12 22:51:46,4080.75,4080.83,0.080,8.0,1
2026-07-12 22:51:51,4080.81,4080.88,0.070,7.0,1
2026-07-12 22:51:56,4080.66,4080.72,0.060,6.0,1
2026-07-12 22:52:01,4080.78,4080.90,0.120,12.0,1
2026-07-12 22:52:06,4080.88,4081.00,0.120,12.0,1
2026-07-12 22:52:11,4080.37,4080.49,0.120,12.0,1
2026-07-12 22:52:16,4080.34,4080.46,0.120,12.0,1
2026-07-12 22:52:21,4080.74,4080.86,0.120,12.0,1
2026-07-12 22:52:26,4080.34,4080.46,0.120,12.0,1
2026-07-12 22:52:31,4079.78,4079.90,0.120,12.0,1
2026-07-12 22:52:36,4079.83,4079.95,0.120,12.0,1
2026-07-12 22:52:41,4080.03,4080.12,0.090,9.0,1
2026-07-12 22:52:46,4080.09,4080.17,0.080,8.0,1
2026-07-12 22:52:51,4080.13,4080.20,0.070,7.0,1
2026-07-12 22:52:56,4079.40,4079.51,0.110,11.0,1
2026-07-12 22:53:01,4079.32,4079.42,0.100,10.0,1
2026-07-12 22:53:06,4079.02,4079.14,0.120,12.0,1
2026-07-12 22:53:11,4078.85,4078.96,0.110,11.0,1
2026-07-12 22:53:16,4077.32,4077.44,0.120,12.0,1
2026-07-12 22:53:21,4077.03,4077.15,0.120,12.0,1
2026-07-12 22:53:26,4077.42,4077.52,0.100,10.0,1
2026-07-12 22:53:31,4077.19,4077.30,0.110,11.0,1
2026-07-12 22:53:36,4077.67,4077.79,0.120,12.0,1
2026-07-12 22:53:41,4077.13,4077.25,0.120,12.0,1
2026-07-12 22:53:46,4077.36,4077.47,0.110,11.0,1
2026-07-12 22:53:51,4077.36,4077.44,0.080,8.0,1
2026-07-12 22:53:56,4077.53,4077.61,0.080,8.0,1
2026-07-12 22:54:01,4077.79,4077.88,0.090,9.0,1
2026-07-12 22:54:06,4077.81,4077.91,0.100,10.0,1
2026-07-12 22:54:11,4077.26,4077.36,0.100,10.0,1
2026-07-12 22:54:16,4077.21,4077.32,0.110,11.0,1
2026-07-12 22:54:21,4077.32,4077.38,0.060,6.0,1
2026-07-12 22:54:26,4077.14,4077.23,0.090,9.0,1
2026-07-12 22:54:31,4077.23,4077.29,0.060,6.0,1
2026-07-12 22:54:36,4077.41,4077.48,0.070,7.0,1
2026-07-12 22:54:41,4078.71,4078.79,0.080,8.0,1
2026-07-12 22:54:46,4078.05,4078.17,0.120,12.0,1
2026-07-12 22:54:51,4078.05,4078.17,0.120,12.0,1
2026-07-12 22:54:56,4077.61,4077.70,0.090,9.0,1
2026-07-12 22:55:01,4077.02,4077.14,0.120,12.0,1
2026-07-12 22:55:06,4076.78,4076.90,0.120,12.0,1
2026-07-12 22:55:11,4076.89,4077.01,0.120,12.0,1
2026-07-12 22:55:16,4076.70,4076.79,0.090,9.0,1
2026-07-12 22:55:21,4075.90,4076.02,0.120,12.0,1
2026-07-12 22:55:26,4076.17,4076.27,0.100,10.0,1
2026-07-12 22:55:31,4075.79,4075.91,0.120,12.0,1
2026-07-12 22:55:36,4075.96,4076.01,0.050,5.0,1
2026-07-12 22:55:41,4075.90,4075.95,0.050,5.0,1
2026-07-12 22:55:46,4075.81,4075.90,0.090,9.0,1
2026-07-12 22:55:51,4076.04,4076.09,0.050,5.0,1
2026-07-12 22:55:56,4076.14,4076.19,0.050,5.0,1
2026-07-12 22:56:01,4076.90,4076.99,0.090,9.0,1
2026-07-12 22:56:06,4076.99,4077.04,0.050,5.0,1
2026-07-12 22:56:11,4076.90,4076.95,0.050,5.0,1
2026-07-12 22:56:16,4076.68,4076.73,0.050,5.0,1
2026-07-12 22:56:21,4077.19,4077.26,0.070,7.0,1
2026-07-12 22:56:26,4077.31,4077.41,0.100,10.0,1
2026-07-12 22:56:31,4077.18,4077.23,0.050,5.0,1
2026-07-12 22:56:36,4077.13,4077.18,0.050,5.0,1
2026-07-12 22:56:41,4077.18,4077.24,0.060,6.0,1
2026-07-12 22:56:46,4078.28,4078.39,0.110,11.0,1
2026-07-12 22:56:51,4077.96,4078.08,0.120,12.0,1
2026-07-12 22:56:56,4078.15,4078.27,0.120,12.0,1
2026-07-12 22:57:01,4078.25,4078.36,0.110,11.0,1
2026-07-12 22:57:06,4078.21,4078.28,0.070,7.0,1
2026-07-12 22:57:11,4078.17,4078.22,0.050,5.0,1
2026-07-12 22:57:16,4078.11,4078.16,0.050,5.0,1
2026-07-12 22:57:21,4078.14,4078.19,0.050,5.0,1
2026-07-12 22:57:26,4077.76,4077.88,0.120,12.0,1
2026-07-12 22:57:31,4077.54,4077.65,0.110,11.0,1
2026-07-12 22:57:36,4077.57,4077.63,0.060,6.0,1
2026-07-12 22:57:41,4077.66,4077.71,0.050,5.0,1
2026-07-12 22:57:46,4077.97,4078.09,0.120,12.0,1
2026-07-12 22:57:51,4078.00,4078.09,0.090,9.0,1
2026-07-12 22:57:56,4077.98,4078.03,0.050,5.0,1
2026-07-12 22:58:01,4077.55,4077.60,0.050,5.0,1
2026-07-12 22:58:06,4077.56,4077.65,0.090,9.0,1
2026-07-12 22:58:11,4077.57,4077.62,0.050,5.0,1
2026-07-12 22:58:16,4077.87,4077.92,0.050,5.0,1
2026-07-12 22:58:21,4077.88,4077.93,0.050,5.0,1
2026-07-12 22:58:26,4077.62,4077.71,0.090,9.0,1
2026-07-12 22:58:31,4077.67,4077.73,0.060,6.0,1
2026-07-12 22:58:36,4077.75,4077.80,0.050,5.0,1
2026-07-12 22:58:41,4077.81,4077.86,0.050,5.0,1
2026-07-12 22:58:46,4077.95,4078.00,0.050,5.0,1
2026-07-12 22:58:51,4077.60,4077.71,0.110,11.0,1
2026-07-12 22:58:56,4077.32,4077.42,0.100,10.0,1
2026-07-12 22:59:01,4077.34,4077.42,0.080,8.0,1
2026-07-12 22:59:06,4077.57,4077.69,0.120,12.0,1
2026-07-12 22:59:11,4077.31,4077.43,0.120,12.0,1
2026-07-12 22:59:16,4076.99,4077.09,0.100,10.0,1
2026-07-12 22:59:21,4077.16,4077.28,0.120,12.0,1
2026-07-12 22:59:26,4077.16,4077.28,0.120,12.0,1
2026-07-12 22:59:31,4077.17,4077.28,0.110,11.0,1
2026-07-12 22:59:36,4077.19,4077.26,0.070,7.0,1
2026-07-12 22:59:41,4077.59,4077.67,0.080,8.0,1
2026-07-12 22:59:46,4077.56,4077.61,0.050,5.0,1
2026-07-12 22:59:51,4077.25,4077.37,0.120,12.0,1
2026-07-12 22:59:56,4076.77,4076.89,0.120,12.0,1
2026-07-12 23:00:01,4076.38,4076.49,0.110,11.0,1
2026-07-12 23:00:06,4075.34,4075.42,0.080,8.0,1
2026-07-12 23:00:11,4075.46,4075.58,0.120,12.0,1
2026-07-12 23:00:16,4075.06,4075.18,0.120,12.0,1
2026-07-12 23:00:21,4073.78,4073.90,0.120,12.0,1
2026-07-12 23:00:26,4073.78,4073.90,0.120,12.0,1
2026-07-12 23:00:31,4073.15,4073.27,0.120,12.0,1
2026-07-12 23:00:36,4073.70,4073.82,0.120,12.0,1
2026-07-12 23:00:41,4072.93,4073.05,0.120,12.0,1
2026-07-12 23:00:46,4073.02,4073.13,0.110,11.0,1
2026-07-12 23:00:51,4072.84,4072.91,0.070,7.0,1
2026-07-12 23:00:56,4072.94,4072.99,0.050,5.0,1
2026-07-12 23:01:01,4072.67,4072.73,0.060,6.0,1
2026-07-12 23:01:06,4074.17,4074.29,0.120,12.0,1
2026-07-12 23:01:11,4073.70,4073.82,0.120,12.0,1
2026-07-12 23:01:16,4072.67,4072.79,0.120,12.0,1
2026-07-12 23:01:21,4072.47,4072.59,0.120,12.0,1
2026-07-12 23:01:26,4072.79,4072.91,0.120,12.0,1
2026-07-12 23:01:31,4073.32,4073.44,0.120,12.0,1
2026-07-12 23:01:36,4072.75,4072.87,0.120,12.0,1
2026-07-12 23:01:41,4071.77,4071.89,0.120,12.0,1
2026-07-12 23:01:46,4072.95,4073.07,0.120,12.0,1
2026-07-12 23:01:51,4071.89,4072.01,0.120,12.0,1
2026-07-12 23:01:56,4071.96,4072.07,0.110,11.0,1
2026-07-12 23:02:01,4072.28,4072.39,0.110,11.0,1
2026-07-12 23:02:06,4072.38,4072.50,0.120,12.0,1
2026-07-12 23:02:11,4072.15,4072.24,0.090,9.0,1
2026-07-12 23:02:16,4071.98,4072.08,0.100,10.0,1
2026-07-12 23:02:21,4071.04,4071.16,0.120,12.0,1
2026-07-12 23:02:26,4071.16,4071.26,0.100,10.0,1
2026-07-12 23:02:31,4071.49,4071.59,0.100,10.0,1
2026-07-12 23:02:36,4072.28,4072.40,0.120,12.0,1
2026-07-12 23:02:41,4071.75,4071.84,0.090,9.0,1
2026-07-12 23:02:46,4071.34,4071.46,0.120,12.0,1
2026-07-12 23:02:51,4072.26,4072.38,0.120,12.0,1
2026-07-12 23:02:56,4072.23,4072.34,0.110,11.0,1
2026-07-12 23:03:01,4072.46,4072.56,0.100,10.0,1
2026-07-12 23:03:06,4072.54,4072.62,0.080,8.0,1
2026-07-12 23:03:11,4072.58,4072.63,0.050,5.0,1
2026-07-12 23:03:16,4072.56,4072.61,0.050,5.0,1
2026-07-12 23:03:21,4071.58,4071.70,0.120,12.0,1
2026-07-12 23:03:26,4071.64,4071.74,0.100,10.0,1
2026-07-12 23:03:31,4072.01,4072.10,0.090,9.0,1
2026-07-12 23:03:36,4073.19,4073.24,0.050,5.0,1
2026-07-12 23:03:41,4072.37,4072.49,0.120,12.0,1
2026-07-12 23:03:46,4072.43,4072.54,0.110,11.0,1
2026-07-12 23:03:51,4072.10,4072.16,0.060,6.0,1
2026-07-12 23:03:56,4071.54,4071.65,0.110,11.0,1
2026-07-12 23:04:01,4071.82,4071.89,0.070,7.0,1
2026-07-12 23:04:06,4071.80,4071.86,0.060,6.0,1
2026-07-12 23:04:11,4071.76,4071.81,0.050,5.0,1
2026-07-12 23:04:16,4070.93,4070.98,0.050,5.0,1
2026-07-12 23:04:21,4070.85,4070.97,0.120,12.0,1
2026-07-12 23:04:26,4070.50,4070.62,0.120,12.0,1
2026-07-12 23:04:31,4070.64,4070.72,0.080,8.0,1
2026-07-12 23:04:36,4068.75,4068.87,0.120,12.0,1
2026-07-12 23:04:41,4068.76,4068.88,0.120,12.0,1
2026-07-12 23:04:46,4069.96,4070.08,0.120,12.0,1
2026-07-12 23:04:51,4070.57,4070.69,0.120,12.0,1
2026-07-12 23:04:56,4070.54,4070.59,0.050,5.0,1
2026-07-12 23:05:01,4071.15,4071.27,0.120,12.0,1
2026-07-12 23:05:06,4072.07,4072.19,0.120,12.0,1
2026-07-12 23:05:11,4071.32,4071.44,0.120,12.0,1
2026-07-12 23:05:16,4070.93,4071.04,0.110,11.0,1
2026-07-12 23:05:21,4070.99,4071.04,0.050,5.0,1
2026-07-12 23:05:26,4071.00,4071.05,0.050,5.0,1
2026-07-12 23:05:31,4071.02,4071.07,0.050,5.0,1
2026-07-12 23:05:36,4071.41,4071.46,0.050,5.0,1
2026-07-12 23:05:41,4071.41,4071.46,0.050,5.0,1
2026-07-12 23:05:46,4071.53,4071.58,0.050,5.0,1
2026-07-12 23:05:51,4071.66,4071.71,0.050,5.0,1
2026-07-12 23:05:56,4072.07,4072.12,0.050,5.0,1
2026-07-12 23:06:01,4071.76,4071.88,0.120,12.0,1
2026-07-12 23:06:06,4070.44,4070.56,0.120,12.0,1
2026-07-12 23:06:11,4070.42,4070.54,0.120,12.0,1
2026-07-12 23:06:16,4070.84,4070.96,0.120,12.0,1
2026-07-12 23:06:21,4071.00,4071.07,0.070,7.0,1
2026-07-12 23:06:26,4071.08,4071.13,0.050,5.0,1
2026-07-12 23:06:31,4071.26,4071.38,0.120,12.0,1
2026-07-12 23:06:36,4070.61,4070.73,0.120,12.0,1
2026-07-12 23:06:41,4070.18,4070.25,0.070,7.0,1
2026-07-12 23:06:46,4070.76,4070.84,0.080,8.0,1
2026-07-12 23:06:51,4070.80,4070.85,0.050,5.0,1
2026-07-12 23:06:56,4070.98,4071.03,0.050,5.0,1
2026-07-12 23:07:01,4071.77,4071.82,0.050,5.0,1
2026-07-12 23:07:06,4072.36,4072.45,0.090,9.0,1
2026-07-12 23:07:11,4072.80,4072.87,0.070,7.0,1
2026-07-12 23:07:16,4072.09,4072.21,0.120,12.0,1
2026-07-12 23:07:21,4072.41,4072.53,0.120,12.0,1
2026-07-12 23:07:26,4071.57,4071.69,0.120,12.0,1
2026-07-12 23:07:31,4070.69,4070.80,0.110,11.0,1
2026-07-12 23:07:36,4070.70,4070.82,0.120,12.0,1
2026-07-12 23:07:41,4070.45,4070.52,0.070,7.0,1
2026-07-12 23:07:46,4070.89,4071.00,0.110,11.0,1
2026-07-12 23:07:51,4071.36,4071.41,0.050,5.0,1
2026-07-12 23:07:56,4071.36,4071.46,0.100,10.0,1
2026-07-12 23:08:01,4071.67,4071.74,0.070,7.0,1
2026-07-12 23:08:06,4071.41,4071.53,0.120,12.0,1
2026-07-12 23:08:11,4071.03,4071.15,0.120,12.0,1
2026-07-12 23:08:16,4070.91,4071.03,0.120,12.0,1
2026-07-12 23:08:21,4070.81,4070.91,0.100,10.0,1
2026-07-12 23:08:26,4070.85,4070.97,0.120,12.0,1
2026-07-12 23:08:31,4070.90,4071.02,0.120,12.0,1
2026-07-12 23:08:36,4070.81,4070.86,0.050,5.0,1
2026-07-12 23:08:41,4070.88,4070.93,0.050,5.0,1
2026-07-12 23:08:46,4071.17,4071.29,0.120,12.0,1
2026-07-12 23:08:51,4071.26,4071.31,0.050,5.0,1
2026-07-12 23:08:56,4071.15,4071.20,0.050,5.0,1
2026-07-12 23:09:01,4071.57,4071.64,0.070,7.0,1
2026-07-12 23:09:06,4071.67,4071.74,0.070,7.0,1
2026-07-12 23:09:11,4071.54,4071.62,0.080,8.0,1
2026-07-12 23:09:16,4071.51,4071.56,0.050,5.0,1
2026-07-12 23:09:21,4071.74,4071.86,0.120,12.0,1
2026-07-12 23:09:26,4071.57,4071.69,0.120,12.0,1
2026-07-12 23:09:31,4071.13,4071.19,0.060,6.0,1
2026-07-12 23:09:36,4070.42,4070.54,0.120,12.0,1
2026-07-12 23:09:41,4070.73,4070.84,0.110,11.0,1
2026-07-12 23:09:46,4070.79,4070.89,0.100,10.0,1
2026-07-12 23:09:51,4070.84,4070.89,0.050,5.0,1
2026-07-12 23:09:56,4071.14,4071.19,0.050,5.0,1
2026-07-12 23:10:01,4071.41,4071.49,0.080,8.0,1
2026-07-12 23:10:06,4072.01,4072.06,0.050,5.0,1
2026-07-12 23:10:11,4072.22,4072.29,0.070,7.0,1
2026-07-12 23:10:16,4071.86,4071.93,0.070,7.0,1
2026-07-12 23:10:21,4071.04,4071.16,0.120,12.0,1
2026-07-12 23:10:26,4070.26,4070.38,0.120,12.0,1
2026-07-12 23:10:31,4070.24,4070.36,0.120,12.0,1
2026-07-12 23:10:36,4069.63,4069.75,0.120,12.0,1
2026-07-12 23:10:41,4069.72,4069.83,0.110,11.0,1
2026-07-12 23:10:46,4069.56,4069.61,0.050,5.0,1
2026-07-12 23:10:51,4069.29,4069.34,0.050,5.0,1
2026-07-12 23:10:56,4069.42,4069.47,0.050,5.0,1
2026-07-12 23:11:01,4069.64,4069.76,0.120,12.0,1
2026-07-12 23:11:06,4069.77,4069.82,0.050,5.0,1
2026-07-12 23:11:11,4069.81,4069.86,0.050,5.0,1
2026-07-12 23:11:16,4069.67,4069.72,0.050,5.0,1
2026-07-12 23:11:21,4069.68,4069.79,0.110,11.0,1
2026-07-12 23:11:26,4069.73,4069.85,0.120,12.0,1
2026-07-12 23:11:31,4069.76,4069.88,0.120,12.0,1
2026-07-12 23:11:36,4069.47,4069.59,0.120,12.0,1
2026-07-12 23:11:41,4069.45,4069.54,0.090,9.0,1
2026-07-12 23:11:46,4070.13,4070.25,0.120,12.0,1
2026-07-12 23:11:51,4070.65,4070.74,0.090,9.0,1
2026-07-12 23:11:56,4070.22,4070.34,0.120,12.0,1
2026-07-12 23:12:01,4071.01,4071.10,0.090,9.0,1
2026-07-12 23:12:06,4070.74,4070.83,0.090,9.0,1
2026-07-12 23:12:11,4070.73,4070.78,0.050,5.0,1
2026-07-12 23:12:16,4070.50,4070.55,0.050,5.0,1
2026-07-12 23:12:21,4070.52,4070.57,0.050,5.0,1
2026-07-12 23:12:26,4070.23,4070.33,0.100,10.0,1
2026-07-12 23:12:31,4070.36,4070.42,0.060,6.0,1
2026-07-12 23:12:36,4070.37,4070.42,0.050,5.0,1
2026-07-12 23:12:41,4070.60,4070.65,0.050,5.0,1
2026-07-12 23:12:46,4070.51,4070.61,0.100,10.0,1
2026-07-12 23:12:51,4070.66,4070.71,0.050,5.0,1
2026-07-12 23:12:56,4070.68,4070.73,0.050,5.0,1
2026-07-12 23:13:01,4070.64,4070.69,0.050,5.0,1
2026-07-12 23:13:06,4070.65,4070.70,0.050,5.0,1
2026-07-12 23:13:11,4070.31,4070.42,0.110,11.0,1
2026-07-12 23:13:16,4070.36,4070.45,0.090,9.0,1
2026-07-12 23:13:21,4070.39,4070.48,0.090,9.0,1
2026-07-12 23:13:26,4070.56,4070.65,0.090,9.0,1
2026-07-12 23:13:31,4070.63,4070.71,0.080,8.0,1
2026-07-12 23:13:36,4070.64,4070.72,0.080,8.0,1
2026-07-12 23:13:41,4070.63,4070.71,0.080,8.0,1
2026-07-12 23:13:46,4070.70,4070.76,0.060,6.0,1
2026-07-12 23:13:51,4070.69,4070.76,0.070,7.0,1
2026-07-12 23:13:56,4070.70,4070.79,0.090,9.0,1
2026-07-12 23:14:01,4070.16,4070.28,0.120,12.0,1
2026-07-12 23:14:06,4070.04,4070.16,0.120,12.0,1
2026-07-12 23:14:11,4070.33,4070.45,0.120,12.0,1
2026-07-12 23:14:16,4070.37,4070.47,0.100,10.0,1
2026-07-12 23:14:21,4069.82,4069.94,0.120,12.0,1
2026-07-12 23:14:26,4069.46,4069.58,0.120,12.0,1
2026-07-12 23:14:31,4069.70,4069.82,0.120,12.0,1
2026-07-12 23:14:36,4069.87,4069.96,0.090,9.0,1
2026-07-12 23:14:41,4070.21,4070.33,0.120,12.0,1
2026-07-12 23:14:46,4070.24,4070.33,0.090,9.0,1
2026-07-12 23:14:51,4070.56,4070.67,0.110,11.0,1
2026-07-12 23:14:56,4070.20,4070.32,0.120,12.0,1
2026-07-12 23:15:01,4070.37,4070.49,0.120,12.0,1
2026-07-12 23:15:06,4069.65,4069.77,0.120,12.0,1
2026-07-12 23:15:11,4070.37,4070.49,0.120,12.0,1
2026-07-12 23:15:16,4070.40,4070.51,0.110,11.0,1
2026-07-12 23:15:21,4070.21,4070.32,0.110,11.0,1
2026-07-12 23:15:26,4070.24,4070.29,0.050,5.0,1
2026-07-12 23:15:31,4070.03,4070.09,0.060,6.0,1
2026-07-12 23:15:36,4070.13,4070.18,0.050,5.0,1
2026-07-12 23:15:41,4069.73,4069.78,0.050,5.0,1
2026-07-12 23:15:46,4069.58,4069.69,0.110,11.0,1
2026-07-12 23:15:51,4070.03,4070.14,0.110,11.0,1
2026-07-12 23:15:56,4069.96,4070.04,0.080,8.0,1
2026-07-12 23:16:01,4069.95,4070.07,0.120,12.0,1
2026-07-12 23:16:06,4069.83,4069.93,0.100,10.0,1
2026-07-12 23:16:11,4069.82,4069.87,0.050,5.0,1
2026-07-12 23:16:16,4069.83,4069.88,0.050,5.0,1
2026-07-12 23:16:21,4069.90,4069.95,0.050,5.0,1
2026-07-12 23:16:26,4069.90,4069.95,0.050,5.0,1
2026-07-12 23:16:31,4070.08,4070.13,0.050,5.0,1
2026-07-12 23:16:36,4070.06,4070.11,0.050,5.0,1
2026-07-12 23:16:41,4070.12,4070.17,0.050,5.0,1
2026-07-12 23:16:46,4070.02,4070.07,0.050,5.0,1
2026-07-12 23:16:51,4070.51,4070.63,0.120,12.0,1
2026-07-12 23:16:56,4070.86,4070.98,0.120,12.0,1
2026-07-12 23:17:01,4070.90,4071.00,0.100,10.0,1
2026-07-12 23:17:06,4070.90,4070.99,0.090,9.0,1
2026-07-12 23:17:11,4070.68,4070.76,0.080,8.0,1
2026-07-12 23:17:16,4070.91,4071.00,0.090,9.0,1
2026-07-12 23:17:21,4070.91,4070.97,0.060,6.0,1
2026-07-12 23:17:26,4070.48,4070.60,0.120,12.0,1
2026-07-12 23:17:31,4070.51,4070.63,0.120,12.0,1
2026-07-12 23:17:36,4070.18,4070.30,0.120,12.0,1
2026-07-12 23:17:41,4070.25,4070.34,0.090,9.0,1
2026-07-12 23:17:46,4070.27,4070.32,0.050,5.0,1
2026-07-12 23:17:51,4070.03,4070.08,0.050,5.0,1
2026-07-12 23:17:56,4069.62,4069.70,0.080,8.0,1
2026-07-12 23:18:01,4069.55,4069.60,0.050,5.0,1
2026-07-12 23:18:06,4069.60,4069.65,0.050,5.0,1
2026-07-12 23:18:11,4069.61,4069.66,0.050,5.0,1
2026-07-12 23:18:16,4069.61,4069.66,0.050,5.0,1
2026-07-12 23:18:21,4070.00,4070.12,0.120,12.0,1
2026-07-12 23:18:26,4070.34,4070.42,0.080,8.0,1
2026-07-12 23:18:31,4071.18,4071.30,0.120,12.0,1
2026-07-12 23:18:36,4071.19,4071.31,0.120,12.0,1
2026-07-12 23:18:41,4070.89,4071.01,0.120,12.0,1
2026-07-12 23:18:46,4070.78,4070.88,0.100,10.0,1
2026-07-12 23:18:51,4070.97,4071.05,0.080,8.0,1
2026-07-12 23:18:56,4071.09,4071.14,0.050,5.0,1
2026-07-12 23:19:01,4071.28,4071.40,0.120,12.0,1
2026-07-12 23:19:06,4071.21,4071.32,0.110,11.0,1
2026-07-12 23:19:11,4070.64,4070.76,0.120,12.0,1
2026-07-12 23:19:16,4070.10,4070.21,0.110,11.0,1
2026-07-12 23:19:21,4070.12,4070.21,0.090,9.0,1
2026-07-12 23:19:26,4070.47,4070.56,0.090,9.0,1
2026-07-12 23:19:31,4070.48,4070.58,0.100,10.0,1
2026-07-12 23:19:36,4070.27,4070.39,0.120,12.0,1
2026-07-12 23:19:41,4070.48,4070.58,0.100,10.0,1
2026-07-12 23:19:46,4070.47,4070.52,0.050,5.0,1
2026-07-12 23:19:51,4070.74,4070.81,0.070,7.0,1
2026-07-12 23:19:56,4071.03,4071.11,0.080,8.0,1
2026-07-12 23:20:01,4069.73,4069.85,0.120,12.0,1
2026-07-12 23:20:06,4069.09,4069.21,0.120,12.0,1
2026-07-12 23:20:11,4069.07,4069.17,0.100,10.0,1
2026-07-12 23:20:16,4069.23,4069.30,0.070,7.0,1
2026-07-12 23:20:21,4069.15,4069.23,0.080,8.0,1
2026-07-12 23:20:26,4069.77,4069.89,0.120,12.0,1
2026-07-12 23:20:31,4069.36,4069.47,0.110,11.0,1
2026-07-12 23:20:36,4069.55,4069.60,0.050,5.0,1
2026-07-12 23:20:41,4069.89,4070.01,0.120,12.0,1
2026-07-12 23:20:46,4069.78,4069.88,0.100,10.0,1
2026-07-12 23:20:51,4070.31,4070.43,0.120,12.0,1
2026-07-12 23:20:56,4070.03,4070.13,0.100,10.0,1
2026-07-12 23:21:01,4070.18,4070.23,0.050,5.0,1
2026-07-12 23:21:06,4070.06,4070.11,0.050,5.0,1
2026-07-12 23:21:11,4070.11,4070.16,0.050,5.0,1
2026-07-12 23:21:16,4070.05,4070.13,0.080,8.0,1
2026-07-12 23:21:21,4070.06,4070.11,0.050,5.0,1
2026-07-12 23:21:26,4071.28,4071.40,0.120,12.0,1
2026-07-12 23:21:31,4071.22,4071.34,0.120,12.0,1
2026-07-12 23:21:36,4070.50,4070.61,0.110,11.0,1
2026-07-12 23:21:41,4071.05,4071.17,0.120,12.0,1
2026-07-12 23:21:46,4071.03,4071.15,0.120,12.0,1
2026-07-12 23:21:51,4071.00,4071.05,0.050,5.0,1
2026-07-12 23:21:56,4070.96,4071.01,0.050,5.0,1
2026-07-12 23:22:01,4071.12,4071.17,0.050,5.0,1
2026-07-12 23:22:06,4071.30,4071.35,0.050,5.0,1
2026-07-12 23:22:11,4072.16,4072.28,0.120,12.0,1
2026-07-12 23:22:16,4071.82,4071.94,0.120,12.0,1
2026-07-12 23:22:21,4070.04,4070.16,0.120,12.0,1
2026-07-12 23:22:26,4069.90,4070.02,0.120,12.0,1
2026-07-12 23:22:31,4069.73,4069.81,0.080,8.0,1
2026-07-12 23:22:36,4069.70,4069.75,0.050,5.0,1
2026-07-12 23:22:41,4069.86,4069.91,0.050,5.0,1
2026-07-12 23:22:46,4070.41,4070.53,0.120,12.0,1
2026-07-12 23:22:51,4070.30,4070.38,0.080,8.0,1
2026-07-12 23:22:56,4070.38,4070.43,0.050,5.0,1
2026-07-12 23:23:01,4070.63,4070.68,0.050,5.0,1
2026-07-12 23:23:06,4070.27,4070.32,0.050,5.0,1
2026-07-12 23:23:11,4070.19,4070.31,0.120,12.0,1
2026-07-12 23:23:16,4070.17,4070.22,0.050,5.0,1
2026-07-12 23:23:21,4069.96,4070.04,0.080,8.0,1
2026-07-12 23:23:26,4070.00,4070.05,0.050,5.0,1
2026-07-12 23:23:31,4070.23,4070.28,0.050,5.0,1
2026-07-12 23:23:36,4070.40,4070.52,0.120,12.0,1
2026-07-12 23:23:41,4070.57,4070.66,0.090,9.0,1
2026-07-12 23:23:46,4070.64,4070.69,0.050,5.0,1
2026-07-12 23:23:51,4070.60,4070.65,0.050,5.0,1
2026-07-12 23:23:56,4070.63,4070.68,0.050,5.0,1
2026-07-12 23:24:01,4070.91,4070.96,0.050,5.0,1
2026-07-12 23:24:06,4071.28,4071.38,0.100,10.0,1
2026-07-12 23:24:11,4071.68,4071.79,0.110,11.0,1
2026-07-12 23:24:16,4071.61,4071.70,0.090,9.0,1
2026-07-12 23:24:21,4071.56,4071.68,0.120,12.0,1
2026-07-12 23:24:26,4071.69,4071.77,0.080,8.0,1
2026-07-12 23:24:31,4072.20,4072.29,0.090,9.0,1
2026-07-12 23:24:36,4071.88,4072.00,0.120,12.0,1
2026-07-12 23:24:41,4072.15,4072.27,0.120,12.0,1
2026-07-12 23:24:46,4072.29,4072.39,0.100,10.0,1
2026-07-12 23:24:51,4072.23,4072.31,0.080,8.0,1
2026-07-12 23:24:56,4072.12,4072.20,0.080,8.0,1
2026-07-12 23:25:01,4072.05,4072.10,0.050,5.0,1
2026-07-12 23:25:06,4071.95,4072.00,0.050,5.0,1
2026-07-12 23:25:11,4071.72,4071.77,0.050,5.0,1
2026-07-12 23:25:16,4071.76,4071.81,0.050,5.0,1
2026-07-12 23:25:21,4072.07,4072.19,0.120,12.0,1
2026-07-12 23:25:26,4072.10,4072.20,0.100,10.0,1
2026-07-12 23:25:31,4072.09,4072.16,0.070,7.0,1
2026-07-12 23:25:36,4072.19,4072.25,0.060,6.0,1
2026-07-12 23:25:41,4072.18,4072.23,0.050,5.0,1
2026-07-12 23:25:46,4072.20,4072.26,0.060,6.0,1
2026-07-12 23:25:51,4072.13,4072.19,0.060,6.0,1
2026-07-12 23:25:56,4072.08,4072.14,0.060,6.0,1
2026-07-12 23:26:01,4072.09,4072.16,0.070,7.0,1
2026-07-12 23:26:06,4071.79,4071.89,0.100,10.0,1
2026-07-12 23:26:11,4071.90,4071.99,0.090,9.0,1
2026-07-12 23:26:16,4071.72,4071.81,0.090,9.0,1
2026-07-12 23:26:21,4071.74,4071.85,0.110,11.0,1
2026-07-12 23:26:26,4071.75,4071.85,0.100,10.0,1
2026-07-12 23:26:31,4071.76,4071.87,0.110,11.0,1
2026-07-12 23:26:36,4071.80,4071.90,0.100,10.0,1
2026-07-12 23:26:41,4071.43,4071.55,0.120,12.0,1
2026-07-12 23:26:46,4071.58,4071.70,0.120,12.0,1
2026-07-12 23:26:51,4071.62,4071.74,0.120,12.0,1
2026-07-12 23:26:56,4071.64,4071.75,0.110,11.0,1
2026-07-12 23:27:01,4071.81,4071.91,0.100,10.0,1
2026-07-12 23:27:06,4071.79,4071.91,0.120,12.0,1
2026-07-12 23:27:11,4071.87,4071.96,0.090,9.0,1
2026-07-12 23:27:16,4071.76,4071.84,0.080,8.0,1
2026-07-12 23:27:21,4071.85,4071.94,0.090,9.0,1
2026-07-12 23:27:26,4071.86,4071.93,0.070,7.0,1
2026-07-12 23:27:31,4071.92,4071.97,0.050,5.0,1
2026-07-12 23:27:36,4072.27,4072.39,0.120,12.0,1
2026-07-12 23:27:41,4072.39,4072.51,0.120,12.0,1
2026-07-12 23:27:46,4072.55,4072.67,0.120,12.0,1
2026-07-12 23:27:51,4072.42,4072.50,0.080,8.0,1
2026-07-12 23:27:56,4072.55,4072.64,0.090,9.0,1
2026-07-12 23:28:01,4072.77,4072.82,0.050,5.0,1
2026-07-12 23:28:06,4072.97,4073.06,0.090,9.0,1
2026-07-12 23:28:11,4072.99,4073.04,0.050,5.0,1
2026-07-12 23:28:16,4073.15,4073.20,0.050,5.0,1
2026-07-12 23:28:21,4073.17,4073.22,0.050,5.0,1
2026-07-12 23:28:26,4073.67,4073.79,0.120,12.0,1
2026-07-12 23:28:31,4073.63,4073.75,0.120,12.0,1
2026-07-12 23:28:36,4073.61,4073.73,0.120,12.0,1
2026-07-12 23:28:41,4073.61,4073.73,0.120,12.0,1
2026-07-12 23:28:46,4073.92,4074.04,0.120,12.0,1
2026-07-12 23:28:51,4073.94,4074.06,0.120,12.0,1
2026-07-12 23:28:56,4073.88,4073.96,0.080,8.0,1
2026-07-12 23:29:01,4073.85,4073.90,0.050,5.0,1
2026-07-12 23:29:06,4073.84,4073.90,0.060,6.0,1
2026-07-12 23:29:11,4073.96,4074.01,0.050,5.0,1
2026-07-12 23:29:16,4074.39,4074.51,0.120,12.0,1
2026-07-12 23:29:21,4074.57,4074.67,0.100,10.0,1
2026-07-12 23:29:26,4074.95,4075.06,0.110,11.0,1
2026-07-12 23:29:31,4074.80,4074.87,0.070,7.0,1
2026-07-12 23:29:36,4074.47,4074.52,0.050,5.0,1
2026-07-12 23:29:41,4074.75,4074.82,0.070,7.0,1
2026-07-12 23:29:46,4074.55,4074.65,0.100,10.0,1
2026-07-12 23:29:51,4074.60,4074.67,0.070,7.0,1
2026-07-12 23:29:56,4074.59,4074.64,0.050,5.0,1
2026-07-12 23:30:01,4074.65,4074.70,0.050,5.0,1
2026-07-12 23:30:06,4073.88,4074.00,0.120,12.0,1
2026-07-12 23:30:11,4073.95,4074.07,0.120,12.0,1
2026-07-12 23:30:16,4073.96,4074.05,0.090,9.0,1
2026-07-12 23:30:21,4074.05,4074.10,0.050,5.0,1
2026-07-12 23:30:26,4074.31,4074.43,0.120,12.0,1
2026-07-12 23:30:31,4074.35,4074.45,0.100,10.0,1
2026-07-12 23:30:36,4074.27,4074.32,0.050,5.0,1
2026-07-12 23:30:41,4074.35,4074.40,0.050,5.0,1
2026-07-12 23:30:46,4074.40,4074.48,0.080,8.0,1
2026-07-12 23:30:51,4074.43,4074.48,0.050,5.0,1
2026-07-12 23:30:56,4074.38,4074.43,0.050,5.0,1
2026-07-12 23:31:01,4074.31,4074.36,0.050,5.0,1
2026-07-12 23:31:06,4074.21,4074.26,0.050,5.0,1
2026-07-12 23:31:11,4074.38,4074.50,0.120,12.0,1
2026-07-12 23:31:16,4074.42,4074.51,0.090,9.0,1
2026-07-12 23:31:21,4074.37,4074.42,0.050,5.0,1
2026-07-12 23:31:26,4074.37,4074.42,0.050,5.0,1
2026-07-12 23:31:31,4073.39,4073.51,0.120,12.0,1
2026-07-12 23:31:36,4073.24,4073.36,0.120,12.0,1
2026-07-12 23:31:41,4072.96,4073.08,0.120,12.0,1
2026-07-12 23:31:46,4072.85,4072.94,0.090,9.0,1
2026-07-12 23:31:51,4072.93,4072.99,0.060,6.0,1
2026-07-12 23:31:56,4073.03,4073.10,0.070,7.0,1
2026-07-12 23:32:01,4073.06,4073.11,0.050,5.0,1
2026-07-12 23:32:06,4073.09,4073.14,0.050,5.0,1
2026-07-12 23:32:11,4073.16,4073.21,0.050,5.0,1
2026-07-12 23:32:16,4073.18,4073.23,0.050,5.0,1
2026-07-12 23:32:21,4073.24,4073.29,0.050,5.0,1
2026-07-12 23:32:26,4073.54,4073.66,0.120,12.0,1
2026-07-12 23:32:31,4073.57,4073.64,0.070,7.0,1
2026-07-12 23:32:36,4073.52,4073.57,0.050,5.0,1
2026-07-12 23:32:41,4073.50,4073.55,0.050,5.0,1
2026-07-12 23:32:46,4073.56,4073.63,0.070,7.0,1
2026-07-12 23:32:51,4073.58,4073.63,0.050,5.0,1
2026-07-12 23:32:56,4073.58,4073.63,0.050,5.0,1
2026-07-12 23:33:01,4073.60,4073.65,0.050,5.0,1
2026-07-12 23:33:06,4073.55,4073.62,0.070,7.0,1
2026-07-12 23:33:11,4073.53,4073.61,0.080,8.0,1
2026-07-12 23:33:16,4072.92,4073.04,0.120,12.0,1
2026-07-12 23:33:21,4072.76,4072.88,0.120,12.0,1
2026-07-12 23:33:26,4072.79,4072.91,0.120,12.0,1
2026-07-12 23:33:31,4072.81,4072.89,0.080,8.0,1
2026-07-12 23:33:36,4072.77,4072.83,0.060,6.0,1
2026-07-12 23:33:41,4072.77,4072.82,0.050,5.0,1
2026-07-12 23:33:46,4072.75,4072.80,0.050,5.0,1
2026-07-12 23:33:51,4072.62,4072.68,0.060,6.0,1
2026-07-12 23:33:56,4072.63,4072.68,0.050,5.0,1
2026-07-12 23:34:01,4072.74,4072.79,0.050,5.0,1
2026-07-12 23:34:06,4072.71,4072.79,0.080,8.0,1
2026-07-12 23:34:11,4072.64,4072.74,0.100,10.0,1
2026-07-12 23:34:16,4072.59,4072.69,0.100,10.0,1
2026-07-12 23:34:21,4072.64,4072.76,0.120,12.0,1
2026-07-12 23:34:26,4072.61,4072.73,0.120,12.0,1
2026-07-12 23:34:31,4072.69,4072.79,0.100,10.0,1
2026-07-12 23:34:36,4072.75,4072.80,0.050,5.0,1
2026-07-12 23:34:41,4072.84,4072.89,0.050,5.0,1
2026-07-12 23:34:46,4072.72,4072.77,0.050,5.0,1
2026-07-12 23:34:51,4072.68,4072.80,0.120,12.0,1
2026-07-12 23:34:56,4072.57,4072.69,0.120,12.0,1
2026-07-12 23:35:01,4072.66,4072.75,0.090,9.0,1
2026-07-12 23:35:06,4073.18,4073.30,0.120,12.0,1
2026-07-12 23:35:11,4073.19,4073.31,0.120,12.0,1
2026-07-12 23:35:16,4073.39,4073.49,0.100,10.0,1
2026-07-12 23:35:21,4073.52,4073.60,0.080,8.0,1
2026-07-12 23:35:26,4073.42,4073.48,0.060,6.0,1
2026-07-12 23:35:31,4073.42,4073.47,0.050,5.0,1
2026-07-12 23:35:36,4073.00,4073.12,0.120,12.0,1
2026-07-12 23:35:41,4073.03,4073.13,0.100,10.0,1
2026-07-12 23:35:46,4072.81,4072.92,0.110,11.0,1
2026-07-12 23:35:51,4072.66,4072.75,0.090,9.0,1
2026-07-12 23:35:56,4072.68,4072.73,0.050,5.0,1
2026-07-12 23:36:01,4072.46,4072.57,0.110,11.0,1
2026-07-12 23:36:06,4072.49,4072.54,0.050,5.0,1
2026-07-12 23:36:11,4073.06,4073.18,0.120,12.0,1
2026-07-12 23:36:16,4073.08,4073.20,0.120,12.0,1
2026-07-12 23:36:21,4073.11,4073.22,0.110,11.0,1
2026-07-12 23:36:26,4073.27,4073.37,0.100,10.0,1
2026-07-12 23:36:31,4071.98,4072.10,0.120,12.0,1
2026-07-12 23:36:36,4072.19,4072.31,0.120,12.0,1
2026-07-12 23:36:41,4072.17,4072.29,0.120,12.0,1
2026-07-12 23:36:46,4072.18,4072.27,0.090,9.0,1
2026-07-12 23:36:51,4071.98,4072.06,0.080,8.0,1
2026-07-12 23:36:56,4072.22,4072.29,0.070,7.0,1
2026-07-12 23:37:01,4072.33,4072.41,0.080,8.0,1
2026-07-12 23:37:06,4072.18,4072.26,0.080,8.0,1
2026-07-12 23:37:11,4072.33,4072.40,0.070,7.0,1
2026-07-12 23:37:16,4072.32,4072.38,0.060,6.0,1
2026-07-12 23:37:21,4072.32,4072.38,0.060,6.0,1
2026-07-12 23:37:26,4072.73,4072.85,0.120,12.0,1
2026-07-12 23:37:31,4072.68,4072.79,0.110,11.0,1
2026-07-12 23:37:36,4072.91,4073.00,0.090,9.0,1
2026-07-12 23:37:41,4073.31,4073.43,0.120,12.0,1
2026-07-12 23:37:46,4072.99,4073.11,0.120,12.0,1
2026-07-12 23:37:51,4072.99,4073.10,0.110,11.0,1
2026-07-12 23:37:56,4073.00,4073.08,0.080,8.0,1
2026-07-12 23:38:01,4073.13,4073.20,0.070,7.0,1
2026-07-12 23:38:06,4074.09,4074.21,0.120,12.0,1
2026-07-12 23:38:11,4074.07,4074.19,0.120,12.0,1
2026-07-12 23:38:16,4074.21,4074.33,0.120,12.0,1
2026-07-12 23:38:21,4074.24,4074.35,0.110,11.0,1
2026-07-12 23:38:26,4074.20,4074.26,0.060,6.0,1
2026-07-12 23:38:31,4074.04,4074.14,0.100,10.0,1
2026-07-12 23:38:36,4074.67,4074.79,0.120,12.0,1
2026-07-12 23:38:41,4074.73,4074.83,0.100,10.0,1
2026-07-12 23:38:46,4073.17,4073.29,0.120,12.0,1
2026-07-12 23:38:51,4073.56,4073.68,0.120,12.0,1
2026-07-12 23:38:56,4073.49,4073.61,0.120,12.0,1
2026-07-12 23:39:01,4074.24,4074.36,0.120,12.0,1
2026-07-12 23:39:06,4073.98,4074.10,0.120,12.0,1
2026-07-12 23:39:11,4073.96,4074.06,0.100,10.0,1
2026-07-12 23:39:16,4074.07,4074.13,0.060,6.0,1
2026-07-12 23:39:21,4074.08,4074.13,0.050,5.0,1
2026-07-12 23:39:26,4075.15,4075.20,0.050,5.0,1
2026-07-12 23:39:31,4075.17,4075.29,0.120,12.0,1
2026-07-12 23:39:36,4076.14,4076.26,0.120,12.0,1
2026-07-12 23:39:41,4076.36,4076.47,0.110,11.0,1
2026-07-12 23:39:46,4076.38,4076.47,0.090,9.0,1
2026-07-12 23:39:51,4076.39,4076.51,0.120,12.0,1
2026-07-12 23:39:56,4077.01,4077.11,0.100,10.0,1
2026-07-12 23:40:01,4077.12,4077.24,0.120,12.0,1
2026-07-12 23:40:06,4076.68,4076.80,0.120,12.0,1
2026-07-12 23:40:11,4077.89,4078.00,0.110,11.0,1
2026-07-12 23:40:16,4077.62,4077.74,0.120,12.0,1
2026-07-12 23:40:21,4077.66,4077.76,0.100,10.0,1
2026-07-12 23:40:26,4077.87,4077.97,0.100,10.0,1
2026-07-12 23:40:31,4077.75,4077.81,0.060,6.0,1
2026-07-12 23:40:36,4077.78,4077.83,0.050,5.0,1
2026-07-12 23:40:41,4078.28,4078.35,0.070,7.0,1
2026-07-12 23:40:46,4078.18,4078.23,0.050,5.0,1
2026-07-12 23:40:51,4078.22,4078.27,0.050,5.0,1
2026-07-12 23:40:56,4078.19,4078.24,0.050,5.0,1
2026-07-12 23:41:01,4078.67,4078.79,0.120,12.0,1
2026-07-12 23:41:06,4078.75,4078.85,0.100,10.0,1
2026-07-12 23:41:11,4078.47,4078.59,0.120,12.0,1
2026-07-12 23:41:16,4077.97,4078.09,0.120,12.0,1
2026-07-12 23:41:21,4079.00,4079.12,0.120,12.0,1
2026-07-12 23:41:26,4078.64,4078.76,0.120,12.0,1
2026-07-12 23:41:31,4078.38,4078.50,0.120,12.0,1
2026-07-12 23:41:36,4078.87,4078.98,0.110,11.0,1
2026-07-12 23:41:41,4078.03,4078.08,0.050,5.0,1
2026-07-12 23:41:46,4077.24,4077.36,0.120,12.0,1
2026-07-12 23:41:51,4077.67,4077.78,0.110,11.0,1
2026-07-12 23:41:56,4077.89,4077.99,0.100,10.0,1
2026-07-12 23:42:01,4077.91,4077.98,0.070,7.0,1
2026-07-12 23:42:06,4077.80,4077.85,0.050,5.0,1
2026-07-12 23:42:11,4078.01,4078.06,0.050,5.0,1
2026-07-12 23:42:16,4077.93,4077.98,0.050,5.0,1
2026-07-12 23:42:21,4077.93,4077.98,0.050,5.0,1
2026-07-12 23:42:26,4077.96,4078.01,0.050,5.0,1
2026-07-12 23:42:31,4077.76,4077.81,0.050,5.0,1
2026-07-12 23:42:36,4077.71,4077.76,0.050,5.0,1
2026-07-12 23:42:41,4077.41,4077.46,0.050,5.0,1
2026-07-12 23:42:46,4077.33,4077.45,0.120,12.0,1
2026-07-12 23:42:51,4077.42,4077.52,0.100,10.0,1
2026-07-12 23:42:56,4077.44,4077.50,0.060,6.0,1
2026-07-12 23:43:01,4077.35,4077.40,0.050,5.0,1
2026-07-12 23:43:06,4076.84,4076.96,0.120,12.0,1
2026-07-12 23:43:11,4076.83,4076.93,0.100,10.0,1
2026-07-12 23:43:16,4076.92,4076.99,0.070,7.0,1
2026-07-12 23:43:21,4077.02,4077.09,0.070,7.0,1
2026-07-12 23:43:26,4077.05,4077.11,0.060,6.0,1
2026-07-12 23:43:31,4077.37,4077.49,0.120,12.0,1
2026-07-12 23:43:36,4077.63,4077.75,0.120,12.0,1
2026-07-12 23:43:41,4077.74,4077.85,0.110,11.0,1
2026-07-12 23:43:46,4077.49,4077.60,0.110,11.0,1
2026-07-12 23:43:51,4077.22,4077.30,0.080,8.0,1
2026-07-12 23:43:56,4077.41,4077.48,0.070,7.0,1
2026-07-12 23:44:01,4077.42,4077.48,0.060,6.0,1
2026-07-12 23:44:06,4077.53,4077.58,0.050,5.0,1
2026-07-12 23:44:11,4077.43,4077.50,0.070,7.0,1
2026-07-12 23:44:16,4077.71,4077.82,0.110,11.0,1
2026-07-12 23:44:21,4077.86,4077.96,0.100,10.0,1
2026-07-12 23:44:26,4077.87,4077.95,0.080,8.0,1
2026-07-12 23:44:31,4077.76,4077.86,0.100,10.0,1
2026-07-12 23:44:36,4077.82,4077.92,0.100,10.0,1
2026-07-12 23:44:41,4077.73,4077.82,0.090,9.0,1
2026-07-12 23:44:46,4077.73,4077.81,0.080,8.0,1
2026-07-12 23:44:51,4078.15,4078.27,0.120,12.0,1
2026-07-12 23:44:56,4077.81,4077.93,0.120,12.0,1
2026-07-12 23:45:01,4077.63,4077.73,0.100,10.0,1
2026-07-12 23:45:06,4077.54,4077.63,0.090,9.0,1
2026-07-12 23:45:11,4078.15,4078.27,0.120,12.0,1
2026-07-12 23:45:16,4078.23,4078.34,0.110,11.0,1
2026-07-12 23:45:21,4077.66,4077.78,0.120,12.0,1
2026-07-12 23:45:26,4076.49,4076.61,0.120,12.0,1
2026-07-12 23:45:31,4076.28,4076.40,0.120,12.0,1
2026-07-12 23:45:36,4076.27,4076.39,0.120,12.0,1
2026-07-12 23:45:41,4076.59,4076.69,0.100,10.0,1
2026-07-12 23:45:46,4076.70,4076.79,0.090,9.0,1
2026-07-12 23:45:51,4076.70,4076.75,0.050,5.0,1
2026-07-12 23:45:56,4076.64,4076.69,0.050,5.0,1
2026-07-12 23:46:01,4076.19,4076.30,0.110,11.0,1
2026-07-12 23:46:06,4076.79,4076.91,0.120,12.0,1
2026-07-12 23:46:11,4076.60,4076.72,0.120,12.0,1
2026-07-12 23:46:16,4077.74,4077.84,0.100,10.0,1
2026-07-12 23:46:21,4078.90,4079.02,0.120,12.0,1
2026-07-12 23:46:26,4078.48,4078.60,0.120,12.0,1
2026-07-12 23:46:31,4078.10,4078.22,0.120,12.0,1
2026-07-12 23:46:36,4078.03,4078.13,0.100,10.0,1
2026-07-12 23:46:41,4078.04,4078.12,0.080,8.0,1
2026-07-12 23:46:46,4078.01,4078.06,0.050,5.0,1
2026-07-12 23:46:51,4077.76,4077.84,0.080,8.0,1
2026-07-12 23:46:56,4077.85,4077.90,0.050,5.0,1
2026-07-12 23:47:01,4078.04,4078.09,0.050,5.0,1
2026-07-12 23:47:06,4078.69,4078.74,0.050,5.0,1
2026-07-12 23:47:11,4078.74,4078.79,0.050,5.0,1
2026-07-12 23:47:16,4078.23,4078.32,0.090,9.0,1
2026-07-12 23:47:21,4078.00,4078.08,0.080,8.0,1
2026-07-12 23:47:26,4077.85,4077.92,0.070,7.0,1
2026-07-12 23:47:31,4077.36,4077.46,0.100,10.0,1
2026-07-12 23:47:36,4077.76,4077.88,0.120,12.0,1
2026-07-12 23:47:41,4078.35,4078.46,0.110,11.0,1
2026-07-12 23:47:46,4078.32,4078.38,0.060,6.0,1
2026-07-12 23:47:51,4077.33,4077.43,0.100,10.0,1
2026-07-12 23:47:56,4076.59,4076.71,0.120,12.0,1
2026-07-12 23:48:01,4076.71,4076.82,0.110,11.0,1
2026-07-12 23:48:06,4076.66,4076.71,0.050,5.0,1
2026-07-12 23:48:11,4076.61,4076.66,0.050,5.0,1
2026-07-12 23:48:16,4076.64,4076.69,0.050,5.0,1
2026-07-12 23:48:21,4076.21,4076.26,0.050,5.0,1
2026-07-12 23:48:26,4076.19,4076.28,0.090,9.0,1
2026-07-12 23:48:31,4076.09,4076.20,0.110,11.0,1
2026-07-12 23:48:36,4076.09,4076.17,0.080,8.0,1
2026-07-12 23:48:41,4076.07,4076.14,0.070,7.0,1
2026-07-12 23:48:46,4076.47,4076.55,0.080,8.0,1
2026-07-12 23:48:51,4076.79,4076.84,0.050,5.0,1
2026-07-12 23:48:56,4076.15,4076.25,0.100,10.0,1
2026-07-12 23:49:01,4076.48,4076.60,0.120,12.0,1
2026-07-12 23:49:06,4077.14,4077.26,0.120,12.0,1
2026-07-12 23:49:11,4076.80,4076.92,0.120,12.0,1
2026-07-12 23:49:16,4076.72,4076.82,0.100,10.0,1
2026-07-12 23:49:21,4076.84,4076.89,0.050,5.0,1
2026-07-12 23:49:26,4077.86,4077.98,0.120,12.0,1
2026-07-12 23:49:31,4077.30,4077.42,0.120,12.0,1
2026-07-12 23:49:36,4077.48,4077.55,0.070,7.0,1
2026-07-12 23:49:41,4077.40,4077.45,0.050,5.0,1
2026-07-12 23:49:46,4077.97,4078.09,0.120,12.0,1
2026-07-12 23:49:51,4078.54,4078.61,0.070,7.0,1
2026-07-12 23:49:56,4078.62,4078.73,0.110,11.0,1
2026-07-12 23:50:01,4078.06,4078.18,0.120,12.0,1
2026-07-12 23:50:06,4078.50,4078.62,0.120,12.0,1
2026-07-12 23:50:11,4079.56,4079.66,0.100,10.0,1
2026-07-12 23:50:16,4079.45,4079.57,0.120,12.0,1
2026-07-12 23:50:21,4080.42,4080.54,0.120,12.0,1
2026-07-12 23:50:26,4081.94,4082.06,0.120,12.0,1
2026-07-12 23:50:31,4080.87,4080.99,0.120,12.0,1
2026-07-12 23:50:36,4080.75,4080.87,0.120,12.0,1
2026-07-12 23:50:41,4080.81,4080.93,0.120,12.0,1
2026-07-12 23:50:46,4081.21,4081.30,0.090,9.0,1
2026-07-12 23:50:51,4081.19,4081.30,0.110,11.0,1
2026-07-12 23:50:56,4080.94,4081.04,0.100,10.0,1
2026-07-12 23:51:01,4081.24,4081.33,0.090,9.0,1
2026-07-12 23:51:06,4081.41,4081.52,0.110,11.0,1
2026-07-12 23:51:11,4081.25,4081.33,0.080,8.0,1
2026-07-12 23:51:16,4081.54,4081.60,0.060,6.0,1
2026-07-12 23:51:21,4081.52,4081.57,0.050,5.0,1
2026-07-12 23:51:26,4082.12,4082.17,0.050,5.0,1
2026-07-12 23:51:31,4081.88,4081.97,0.090,9.0,1
2026-07-12 23:51:36,4082.00,4082.12,0.120,12.0,1
2026-07-12 23:51:41,4082.11,4082.19,0.080,8.0,1
2026-07-12 23:51:46,4082.09,4082.19,0.100,10.0,1
2026-07-12 23:51:51,4082.12,4082.22,0.100,10.0,1
2026-07-12 23:51:56,4081.83,4081.89,0.060,6.0,1
2026-07-12 23:52:01,4081.98,4082.10,0.120,12.0,1
2026-07-12 23:52:06,4082.31,4082.43,0.120,12.0,1
2026-07-12 23:52:11,4082.48,4082.54,0.060,6.0,1
2026-07-12 23:52:16,4082.63,4082.75,0.120,12.0,1
2026-07-12 23:52:21,4082.22,4082.34,0.120,12.0,1
2026-07-12 23:52:26,4082.11,4082.19,0.080,8.0,1
2026-07-12 23:52:31,4082.14,4082.24,0.100,10.0,1
2026-07-12 23:52:36,4081.73,4081.82,0.090,9.0,1
2026-07-12 23:52:41,4082.06,4082.17,0.110,11.0,1
2026-07-12 23:52:46,4081.96,4082.01,0.050,5.0,1
2026-07-12 23:52:51,4081.82,4081.90,0.080,8.0,1
2026-07-12 23:52:56,4081.40,4081.45,0.050,5.0,1
2026-07-12 23:53:01,4081.37,4081.42,0.050,5.0,1
2026-07-12 23:53:06,4081.09,4081.14,0.050,5.0,1
2026-07-12 23:53:11,4080.62,4080.74,0.120,12.0,1
2026-07-12 23:53:16,4080.58,4080.70,0.120,12.0,1
2026-07-12 23:53:21,4080.20,4080.32,0.120,12.0,1
2026-07-12 23:53:26,4080.51,4080.62,0.110,11.0,1
2026-07-12 23:53:31,4080.45,4080.50,0.050,5.0,1
2026-07-12 23:53:36,4080.76,4080.83,0.070,7.0,1
2026-07-12 23:53:41,4081.09,4081.15,0.060,6.0,1
2026-07-12 23:53:46,4080.82,4080.87,0.050,5.0,1
2026-07-12 23:53:51,4081.07,4081.12,0.050,5.0,1
2026-07-12 23:53:56,4080.64,4080.69,0.050,5.0,1
2026-07-12 23:54:01,4080.68,4080.73,0.050,5.0,1
2026-07-12 23:54:06,4081.10,4081.21,0.110,11.0,1
2026-07-12 23:54:11,4081.26,4081.34,0.080,8.0,1
2026-07-12 23:54:16,4081.35,4081.40,0.050,5.0,1
2026-07-12 23:54:21,4081.63,4081.75,0.120,12.0,1
2026-07-12 23:54:26,4081.76,4081.88,0.120,12.0,1
2026-07-12 23:54:31,4081.96,4082.06,0.100,10.0,1
2026-07-12 23:54:36,4081.90,4081.96,0.060,6.0,1
2026-07-12 23:54:41,4081.73,4081.81,0.080,8.0,1
2026-07-12 23:54:46,4081.46,4081.53,0.070,7.0,1
2026-07-12 23:54:51,4081.67,4081.72,0.050,5.0,1
2026-07-12 23:54:56,4080.76,4080.88,0.120,12.0,1
2026-07-12 23:55:01,4080.65,4080.77,0.120,12.0,1
2026-07-12 23:55:06,4081.24,4081.36,0.120,12.0,1
2026-07-12 23:55:11,4081.12,4081.24,0.120,12.0,1
2026-07-12 23:55:16,4081.30,4081.38,0.080,8.0,1
2026-07-12 23:55:21,4080.96,4081.01,0.050,5.0,1
2026-07-12 23:55:26,4080.26,4080.38,0.120,12.0,1
2026-07-12 23:55:31,4080.29,4080.41,0.120,12.0,1
2026-07-12 23:55:36,4080.24,4080.33,0.090,9.0,1
2026-07-12 23:55:41,4080.19,4080.24,0.050,5.0,1
2026-07-12 23:55:46,4080.16,4080.28,0.120,12.0,1
2026-07-12 23:55:51,4080.25,4080.37,0.120,12.0,1
2026-07-12 23:55:56,4080.34,4080.40,0.060,6.0,1
2026-07-12 23:56:01,4080.39,4080.44,0.050,5.0,1
2026-07-12 23:56:06,4080.63,4080.68,0.050,5.0,1
2026-07-12 23:56:11,4080.56,4080.61,0.050,5.0,1
2026-07-12 23:56:16,4080.36,4080.41,0.050,5.0,1
2026-07-12 23:56:21,4079.81,4079.86,0.050,5.0,1
2026-07-12 23:56:26,4080.01,4080.13,0.120,12.0,1
2026-07-12 23:56:31,4080.27,4080.38,0.110,11.0,1
2026-07-12 23:56:36,4080.53,4080.59,0.060,6.0,1
2026-07-12 23:56:41,4080.41,4080.46,0.050,5.0,1
2026-07-12 23:56:46,4080.26,4080.31,0.050,5.0,1
2026-07-12 23:56:51,4080.53,4080.65,0.120,12.0,1
2026-07-12 23:56:56,4080.46,4080.57,0.110,11.0,1
2026-07-12 23:57:01,4080.63,4080.75,0.120,12.0,1
2026-07-12 23:57:06,4080.80,4080.92,0.120,12.0,1
2026-07-12 23:57:11,4081.04,4081.11,0.070,7.0,1
2026-07-12 23:57:16,4081.34,4081.40,0.060,6.0,1
2026-07-12 23:57:21,4082.89,4083.01,0.120,12.0,1
2026-07-12 23:57:26,4083.32,4083.44,0.120,12.0,1
2026-07-12 23:57:31,4082.88,4083.00,0.120,12.0,1
2026-07-12 23:57:36,4083.21,4083.29,0.080,8.0,1
2026-07-12 23:57:41,4083.69,4083.81,0.120,12.0,1
2026-07-12 23:57:46,4083.90,4084.02,0.120,12.0,1
2026-07-12 23:57:51,4084.21,4084.32,0.110,11.0,1
2026-07-12 23:57:56,4083.47,4083.58,0.110,11.0,1
2026-07-12 23:58:01,4083.73,4083.81,0.080,8.0,1
2026-07-12 23:58:06,4083.28,4083.37,0.090,9.0,1
2026-07-12 23:58:11,4083.64,4083.70,0.060,6.0,1
2026-07-12 23:58:16,4083.65,4083.73,0.080,8.0,1
2026-07-12 23:58:21,4083.79,4083.86,0.070,7.0,1
2026-07-12 23:58:26,4083.83,4083.94,0.110,11.0,1
2026-07-12 23:58:31,4083.99,4084.08,0.090,9.0,1
2026-07-12 23:58:36,4083.70,4083.77,0.070,7.0,1
2026-07-12 23:58:41,4083.73,4083.78,0.050,5.0,1
2026-07-12 23:58:46,4083.47,4083.52,0.050,5.0,1
2026-07-12 23:58:51,4084.26,4084.38,0.120,12.0,1
2026-07-12 23:58:56,4084.17,4084.29,0.120,12.0,1
2026-07-12 23:59:01,4083.87,4083.96,0.090,9.0,1
2026-07-12 23:59:06,4084.03,4084.09,0.060,6.0,1
2026-07-12 23:59:11,4083.20,4083.32,0.120,12.0,1
2026-07-12 23:59:16,4083.43,4083.55,0.120,12.0,1
2026-07-12 23:59:21,4083.40,4083.46,0.060,6.0,1
2026-07-12 23:59:26,4083.43,4083.48,0.050,5.0,1
2026-07-12 23:59:31,4083.27,4083.32,0.050,5.0,1
2026-07-12 23:59:36,4083.30,4083.35,0.050,5.0,1
2026-07-12 23:59:41,4083.56,4083.61,0.050,5.0,1
2026-07-12 23:59:46,4084.49,4084.58,0.090,9.0,1
2026-07-12 23:59:51,4084.61,4084.73,0.120,12.0,1
2026-07-12 23:59:56,4084.36,4084.45,0.090,9.0,1
